source,target
AC3.10,AC3.3
AC3.3,C03A7.14
AC3.3,C03A7.4
AC3.3,C05D2.1
AC3.3,C37C3.6
AC3.3,F29G6.3
AC3.3,R05F9.10
AC3.3,T01D1.6
AC3.3,Y39B6A.1
AC3.3,Y69H2.3
AC3.3,ZK1067.7
AC3.4,T23F1.6
AC3.7,Y40B10A.2
AC7.2,W07G4.5
AC7.2,ZK792.6
AC8.1,ZC302.1
AH6.5,C12D8.1
AH6.5,T11B7.4
B0001.1,C45G3.1
B0001.4,F19B6.1
B0001.7,B0281.5
B0001.7,F37H8.1
B0019.2,K01G5.4
B0024.10,C06A1.1
B0024.11,F10G7.4
B0024.12,B0365.1
B0024.12,C06E2.1
B0024.12,C25F6.2
B0024.12,C38D4.6
B0024.14,B0024.14
B0024.14,B0228.1
B0024.14,B0507.1
B0024.14,C02C2.1
B0024.14,C05G6.1
B0024.14,C34G6.2
B0024.14,C37C3.6
B0024.14,DH11.4
B0024.14,F08C6.1
B0024.14,F23B12.3
B0024.14,F29G6.3
B0024.14,F30H5.3
B0024.14,F43G9.11
B0024.14,F48E8.1
B0024.14,F48G7.10
B0024.14,F53A9.1
B0024.14,F53A9.2
B0024.14,F54B11.7
B0024.14,F56B3.2
B0024.14,F58E6.3
B0024.14,H04J21.3
B0024.14,K08E7.5
B0024.14,R02F11.1
B0024.14,T01B7.8
B0024.14,T04C12.4
B0024.14,T21B6.3
B0024.14,T21D12.11
B0024.14,T22F7.3
B0024.14,T22H2.5
B0024.14,W03G1.5
B0024.14,Y39B6A.1
B0024.14,Y64G10A.7
B0024.14,Y65B4A.7
B0024.14,Y69H2.10
B0024.14,Y69H2.3
B0024.14,ZK1067.7
B0024.9,F12F6.7
B0025.2,Y59A8A.1
B0034.1,F17E9.5
B0034.1,F25D7.1
B0034.1,F45H10.4
B0034.1,Y23H5A.4
B0034.1,Y38C1AA.7
B0034.3,R05F9.10
B0034.3,T19C3.8
B0035.1,K09B11.9
B0035.1,R02F2.5
B0035.1,Y54G9A.6
B0035.6,D2007.2
B0035.6,ZK1225.6
B0041.4,Y18D10A.8
B0041.4,Y40B10A.2
B0041.6,B0041.6
B0041.6,CC4.3
B0205.3,B0336.10
B0205.3,F23F12.6
B0205.3,Y69H2.10
B0205.3,Y69H2.3
B0205.3,ZK1053.5
B0205.3,ZK20.3
B0205.7,T01G9.6
B0205.7,Y54E10A.3
B0205.8,W05H7.4
B0207.4,F18C5.2
B0207.6,C34E10.2
B0213.12,ZK899.3
B0213.2,F52H2.5
B0213.2,T19D7.2
B0213.2,Y75D11A.3
B0218.3,B0336.7
B0218.3,B0547.1
B0218.3,C15C8.2
B0218.3,C38D4.6
B0218.3,C44C8.6
B0218.3,C54G4.1
B0218.3,F10E7.8
B0218.3,F29G6.3
B0218.3,F32B6.1
B0218.3,F54D5.7
B0218.3,F59A2.1
B0218.3,K11E8.1
B0218.3,T09B4.9
B0218.3,T12G3.1
B0218.3,W02G9.2
B0218.3,Y46G5A.31
B0228.1,F20C5.6
B0228.1,Y43F8C.4
B0238.1,M110.5
B0238.11,C18G1.2
B0238.12,Y39B6A.1
B0250.1,C07H6.5
B0261.7,C36B1.11
B0272.1,T11B7.1
B0272.2,C15H9.4
B0272.2,F56A8.7
B0272.4,Y49F6C.3
B0273.3,Y39E4B.2
B0280.3,B0280.3
B0280.3,F37B1.4
B0280.3,ZK632.1
B0280.8,B0280.8
B0280.8,M03D4.1
B0280.8,ZK930.3
B0281.5,B0281.5
B0286.3,B0286.3
B0286.4,C49A1.4
B0286.4,Y56A3A.1
B0302.3,T28C6.7
B0303.7,C02C6.1
B0304.1,F54D10.7
B0310.5,F08G2.5
B0310.6,K11G9.6
B0334.1,F52E1.7
B0336.10,T28A8.7
B0336.2,F25E2.5
B0336.2,W02G9.2
B0336.3,C17E4.5
B0336.6,C18H9.7
B0336.6,T11B7.4
B0336.6,T17H7.4
B0336.7,C27B7.1
B0336.7,T08E11.4
B0336.7,Y57A10B.6
B0336.7,Y79H2A.11
B0336.9,F59A2.4
B0348.6,F56F3.1
B0348.6,T14G10.8
B0348.6,Y18D10A.8
B0350.2,C11E4.6
B0350.2,F44G3.9
B0350.2,M142.1
B0350.2,T21B10.2
B0350.2,Y59A8B.12
B0391.11,F46A9.5
B0393.1,C34E10.6
B0393.1,F37C12.11
B0393.2,F10B5.4
B0393.4,T11B7.1
B0393.4,Y54E2A.3
B0393.4,ZK858.4
B0412.1,C27B7.1
B0412.1,F19H8.3
B0412.1,F54D10.7
B0414.8,C13F10.2
B0414.8,F08C6.3
B0414.8,F15C11.1
B0414.8,F25H2.13
B0414.8,F56E3.3
B0432.8,F39B2.2
B0454.8,T28A11.11
B0464.5,T04H1.2
B0464.8,T20B12.2
B0478.1,F42G10.2
B0491.3,Y106G6H.13
B0495.5,F46F2.2
B0496.7,B0547.1
B0496.7,C09H6.2
B0496.7,C17H12.1
B0507.1,F43G9.11
B0507.1,R05F9.10
B0507.1,Y39B6A.1
B0507.1,ZK849.2
B0507.3,F46C8.5
B0511.10,K02E7.9
B0511.5,C07H6.5
B0511.8,C50F4.1
B0511.9,F10B5.6
B0513.1,C49A1.4
B0513.1,F14F3.1
B0513.1,T23B5.1
B0513.2,Y32H12A.2
B0523.3,ZK381.4
B0547.1,C04F12.3
B0547.1,C35A5.9
B0547.1,F35G12.9
B0547.1,F42G8.3
B0547.1,F43C1.2
B0547.1,F55C5.8
B0547.1,T21C9.4
B0547.1,T27F2.3
B0547.1,Y48G8AL.6
B0547.1,Y63D3A.4
B0547.1,Y67H2A.6
B0547.1,ZK370.2
B0547.1,ZK418.4
B0554.4,M117.2
B0563.4,C14B1.2
B0564.1,C52B11.2
C01B10.6,C14C11.6
C01B10.6,C18A11.7
C01B10.6,F08B6.4
C01B10.6,R05F9.10
C01B10.8,C04E12.6
C01B10.8,W03D2.5
C01B10.8,Y113G7B.23
C01B7.4,C04A11.4
C01B7.4,F10C1.1
C01B7.4,F38C2.5
C01B7.4,H25P06.2
C01B7.4,T25B6.4
C01C10.2,C02F5.1
C01C10.2,T07G12.6
C01F6.1,K10C8.3
C01F6.1,T22A3.3
C01F6.1,ZK1055.7
C01F6.5,T20G5.11
C01F6.8,T28D9.10
C01F6.8,Y116A8C.42
C01F6.8,Y49E10.15
C01F6.8,Y71F9B.4
C01F6.9,Y40B10A.2
C01G10.11,K01A6.4
C01G10.11,T07A5.6
C01G10.11,T22D1.3
C01G12.1,Y18D10A.5
C01G5.6,M03B6.1
C01G5.6,ZK20.3
C01G5.8,F54B11.3
C01G5.8,K12C11.2
C01G5.8,T11B7.1
C01G6.1,C34E10.6
C01G8.5,C18B2.5
C01G8.5,C38D4.6
C01G8.6,Y59A8B.7
C01H6.5,C06G1.5
C01H6.5,DH11.4
C01H6.7,ZK858.4
C02A12.1,C54F6.14
C02A12.1,D1037.3
C02A12.1,Y105E8B.4
C02A12.1,Y87G2A.14
C02B10.5,C49A1.4
C02B10.5,F14F3.1
C02B10.5,Y73F8A.16
C02B10.6,K11G9.6
C02B4.2,C24G6.4
C02B8.3,F11D5.1
C02B8.4,Y7A9D.1
C02C6.1,C49G7.1
C02C6.1,K02E10.2
C02C6.1,Y65B4BR.4
C02F12.4,C34D10.1
C02F12.4,W06D4.6
C02F12.8,C32D5.8
C02F12.8,C49A1.4
C02F12.8,F14F3.1
C02F12.8,T17H7.4
C02F4.2,F54E7.7
C02F5.1,H18N23.2
C02F5.1,K04A8.1
C02F5.1,Y69E1A.2
C02F5.9,C06A8.1
C02F5.9,C08E3.9
C02F5.9,F59A2.4
C02F5.9,R06C1.3
C02F5.9,Y79H2A.1
C03A3.2,F52H2.5
C03A3.2,Y59A8B.7
C03A7.13,T17H7.4
C03A7.14,C03A7.4
C03A7.14,C40A11.2
C03A7.14,H04J21.3
C03A7.14,R09B5.5
C03A7.14,T01D1.6
C03A7.14,T23F1.6
C03A7.14,T28A11.11
C03A7.4,C03A7.4
C03A7.4,C17G10.5
C03A7.4,C23G10.3
C03A7.4,F23A7.1
C03A7.4,F29C12.1
C03A7.4,F29G6.3
C03A7.4,F30H5.3
C03A7.4,F40F4.3
C03A7.4,H04J21.3
C03A7.4,M02G9.1
C03A7.4,M195.2
C03A7.4,R09B5.5
C03A7.4,T01D1.6
C03A7.4,T28A11.11
C03A7.4,W03G1.5
C03A7.4,Y22F5A.4
C03A7.4,Y22F5A.5
C03A7.4,Y39B6A.1
C03A7.4,Y69H2.3
C03A7.4,ZK1067.7
C03A7.7,T28A11.11
C03A7.8,T28A11.11
C03C10.3,K08F11.3
C03C10.4,C05D11.10
C03C10.4,F27C1.6
C03C10.4,F32B4.4
C03C10.4,F55H2.7
C03C10.4,K12F2.2
C03C10.4,R07E5.1
C03C10.4,T04H1.2
C03C10.4,T27F6.4
C03C10.4,Y105E8B.5
C03C10.4,Y15E3A.1
C03C10.4,Y54E10A.5
C03D6.1,R102.5
C03D6.1,ZK112.2
C03D6.1,ZK849.2
C03G6.3,F21D5.4
C04A2.3,C49A1.4
C04C11.1,T11B7.4
C04C3.2,DY3.2
C04C3.3,T03F6.1
C04C3.3,Y39E4A.3
C04C3.3,Y69A2AR.30
C04C3.5,C44B9.2
C04C3.5,T07D4.2
C04C3.5,T16G1.11
C04C3.5,Y75B8A.12
C04E6.7,W10G11.17
C04F1.3,F46C8.5
C04F1.3,F58A3.1
C04F1.3,K08H2.6
C04F1.3,T01G9.6
C04F12.3,C04F12.3
C04F12.3,C36C9.1
C04F12.3,F25B5.7
C04F12.3,F37A4.9
C04F12.3,F52C6.2
C04F12.3,F54G8.4
C04F12.3,K04G2.6
C04F12.3,R02F2.5
C04F12.3,Y41C4A.14
C04F12.3,ZK1055.7
C04F12.3,ZK455.1
C04F12.9,C38D4.6
C04G6.10,C05D2.1
C04G6.4,K09B11.9
C05C10.4,W03D2.4
C05C10.5,C27A2.6
C05C10.5,F17E9.5
C05C10.5,F18A1.3
C05C10.5,F54D10.7
C05C10.5,T02E1.3
C05C10.5,ZC239.15
C05C10.5,ZC8.4
C05C10.5,ZK1055.7
C05C10.5,ZK858.4
C05C8.2,C06A5.9
C05C8.6,C05C8.6
C05C8.6,F37B1.1
C05C8.6,Y7A5A.2
C05C8.7,C49G7.1
C05D10.1,C18H9.7
C05D10.4,Y69H2.3
C05D11.10,F49H12.3
C05D11.10,R01H10.6
C05D11.10,ZK1055.1
C05D11.11,W03D2.4
C05D12.2,Y40B10A.2
C05D12.4,C06A5.9
C05D12.5,ZK849.2
C05D2.1,C34E10.6
C05D2.1,C47E8.5
C05D2.1,C53B4.5
C05D2.1,F30H5.3
C05D2.1,F45D3.4
C05D2.1,R05D11.8
C05D2.1,T21B6.3
C05D2.1,T22H2.5
C05D2.1,T23F1.6
C05D2.1,ZK1067.7
C05D2.1,ZK1193.1
C05D2.10,T18H9.7
C05D2.4,C05D2.4
C05D2.4,F07H5.2
C05D2.5,K09B11.9
C05D9.1,C06E1.1
C05D9.1,D2013.2
C05D9.1,F17E9.5
C05D9.1,F25D7.1
C05D9.1,F45H10.4
C05D9.1,W06A7.3
C05D9.1,Y38A8.2
C05D9.1,Y38C1AA.7
C05D9.1,Y59A8B.22
C05D9.3,Y40B10A.2
C05E11.6,W09C2.1
C05G5.5,R05D8.8
C05G6.1,K10C3.6
C05G6.1,Y69H2.10
C05G6.1,Y69H2.3
C05G6.1,ZK1053.5
C06A1.1,C41C4.8
C06A1.1,F23C8.4
C06A1.1,F28F8.6
C06A1.1,F45E4.2
C06A1.1,T19B10.6
C06A1.1,Y41C4A.14
C06A5.3,C07H6.5
C06A5.9,C06B8.8
C06A5.9,C08E3.9
C06A5.9,C17E7.4
C06A5.9,C18A3.3
C06A5.9,C18H9.1
C06A5.9,C24D10.6
C06A5.9,C36C9.1
C06A5.9,C38D9.1
C06A5.9,D1086.4
C06A5.9,DH11.4
C06A5.9,F08F8.1
C06A5.9,F12E12.5
C06A5.9,F27C1.6
C06A5.9,F30A10.2
C06A5.9,F37C12.4
C06A5.9,F44G3.9
C06A5.9,F54D10.7
C06A5.9,F55H2.7
C06A5.9,F59B8.1
C06A5.9,H06I04.1
C06A5.9,H06I04.3
C06A5.9,K01A6.4
C06A5.9,K10C9.7
C06A5.9,K12F2.2
C06A5.9,R03D7.4
C06A5.9,R07G3.7
C06A5.9,R10E9.2
C06A5.9,T01H8.5
C06A5.9,T04F8.6
C06A5.9,T12D8.9
C06A5.9,Y113G7B.1
C06A5.9,Y37A1B.1
C06A5.9,Y37D8A.21
C06A5.9,Y48E1B.10
C06A5.9,Y48E1B.5
C06A5.9,Y71G10AL.1
C06A5.9,ZK682.7
C06A6.2,T04H1.2
C06A6.2,Y51H4A.17
C06A8.1,Y69A2AR.30
C06A8.2,T02C12.2
C06A8.3,R05F9.10
C06A8.5,F43C1.2
C06A8.5,F59C12.3
C06A8.5,K09B11.9
C06A8.5,T17H7.4
C06A8.6,T06C10.3
C06C3.1,F43C1.2
C06C3.1,K09B11.9
C06C3.1,T11B7.4
C06C3.1,W04D2.1
C06C3.1,Y92C3B.2
C06E1.1,C32D5.9
C06E1.1,D2013.2
C06E1.1,F37B1.4
C06E1.1,ZK593.6
C06E1.10,T11B7.1
C06E1.5,ZK1248.3
C06E2.7,R02F2.5
C06E4.2,R05F9.10
C06E4.2,W01B6.9
C06E7.1,C49F5.1
C06E7.3,C49F5.1
C06E7.4,C14A4.11
C06E7.4,K09B11.9
C06E7.4,T04H1.2
C06E7.4,T11B7.4
C06E7.4,T17H7.4
C06E7.4,W06F12.1
C06E8.3,T11B7.1
C06G1.5,C11E4.6
C06G1.5,C18H9.7
C06G1.5,C33H5.15
C06G1.5,DH11.4
C06G1.5,F32B4.4
C06G1.5,F49F1.9
C06G1.5,F52D2.4
C06G1.5,K09B11.9
C06G1.5,R01E6.5
C06G1.5,T11B7.4
C06G1.5,T20F5.4
C06G1.5,W05H7.4
C06G1.5,Y37D8A.21
C06G1.5,Y37H2A.1
C06G1.5,Y54E2A.3
C06G1.5,Y57G11C.24
C06G1.5,ZK121.2
C06G1.5,ZK849.2
C06G3.1,K10C3.6
C06G3.10,F56E3.3
C06G3.6,F46G11.1
C06G3.6,K12B6.8
C06G3.6,PAR2.1
C06G3.6,T04H1.2
C06G3.6,W04D2.1
C06G3.6,Y41C4A.14
C06G3.6,Y49E10.2
C06H2.6,Y97E10AR.7
C06H5.2,R12H7.5
C06H5.2,Y105C5B.14
C07A12.1,C18H9.7
C07A12.1,C49A1.4
C07A12.1,Y15E3A.1
C07A12.4,C31H1.6
C07A12.4,F11D5.1
C07A12.4,H26D21.1
C07A12.4,Y41C4A.14
C07A9.6,F39H12.1
C07A9.7,F35H8.5
C07D10.2,ZK849.2
C07E3.1,T17H7.4
C07E3.3,W09H1.6
C07E3.3,Y40B10A.2
C07F11.1,C48D5.1
C07G1.5,C34G6.7
C07G1.5,F14F3.1
C07G1.6,Y18D10A.5
C07G2.3,T10C6.5
C07G2.3,T20B12.2
C07G2.3,Y39A1A.3
C07H6.1,C27D9.1
C07H6.5,C09F5.2
C07H6.5,C27A2.6
C07H6.5,C27F2.8
C07H6.5,D1054.9
C07H6.5,F07C4.5
C07H6.5,F14F9.4
C07H6.5,F46A9.4
C07H6.5,F52E1.7
C07H6.5,R05D11.8
C07H6.5,T26H5.4
C07H6.5,W03C9.7
C07H6.5,W05H7.4
C07H6.5,ZK1025.9
C07H6.7,F53F1.4
C07H6.7,K10D6.4
C07H6.7,R05D8.8
C08B11.2,K08F11.2
C08B11.7,C56G2.7
C08B11.9,K02F2.2
C08B6.10,R02F2.5
C08B6.9,Y38E10A.19
C08E3.7,F46A9.4
C08E3.7,F46A9.5
C08E3.9,T22F3.3
C08F11.11,R05F9.10
C08F8.8,C32F10.6
C08F8.8,C38D4.6
C08F8.8,C47E8.5
C08F8.8,F49H12.3
C08F8.8,H19N07.1
C08F8.8,W02D3.9
C08G5.5,Y65B4BR.4
C09B8.6,C44B11.1
C09B8.6,H14N18.1
C09B8.6,T28A11.11
C09B8.6,Y51H4A.17
C09G1.1,C14C11.5
C09G1.1,T05F1.4
C09G1.1,T27F2.2
C09G1.1,Y39B6A.11
C09G1.1,ZC395.8
C09G1.4,C49A1.4
C09G1.4,F57A10.4
C09G1.4,F57C9.4
C09G1.4,K09B11.9
C09G1.4,T11B7.4
C09G1.4,Y57G11C.24
C09G1.4,Y65B4BR.4
C09G1.4,ZC8.4
C09G1.4,ZK121.2
C09G12.8,C48G7.3
C09G12.9,CD4.4
C09G12.9,F35F10.12
C09G4.3,F42D1.2
C09G4.3,Y73B6A.5
C09G4.3,ZK1240.2
C09G5.2,C14B1.5
C09H10.6,F53B3.1
C09H10.6,T22G5.5
C09H6.2,C14A6.1
C09H6.2,D1007.16
C09H6.2,F15A4.11
C09H6.2,T25G12.4
C10E2.4,M04G12.1
C10G11.5,Y41C4A.14
C10G11.7,F23H12.2
C10G6.1,T26A5.9
C10G8.6,C49A1.4
C10G8.7,C49A1.4
C11E4.6,C14F5.5
C11E4.6,C37A2.8
C11E4.6,C50F4.1
C11E4.6,R07G3.8
C11G6.4,C33G8.6
C11H1.5,ZK849.2
C12D8.1,C16B8.3
C12D8.1,C25F6.2
C12D8.1,C27B7.4
C12D8.1,D1046.1
C12D8.1,F32A11.6
C12D8.1,F34D10.4
C12D8.1,F36A2.1
C12D8.1,K07F5.11
C12D8.1,T21G5.5
C12D8.1,Y113G7B.23
C12D8.1,Y63D3A.5
C12D8.1,ZC513.6
C12D8.1,ZK643.5
C12D8.1,ZK849.2
C13D9.9,W09C2.1
C13F10.2,C28H8.11
C13F10.2,C44F1.5
C13F10.2,F22B7.13
C13F10.2,T20G5.10
C13F10.2,T24H7.4
C13F10.2,Y37E11B.3
C13F10.6,F52E1.7
C13F10.7,C13F10.7
C13F10.7,T04H1.2
C13F10.7,Y55B1BR.3
C13F10.7,ZK632.12
C13G3.3,C36C9.1
C13G3.3,F52D2.4
C13G3.3,T11B7.1
C13G5.2,M163.1
C14A11.7,W09C2.1
C14A4.11,F09F7.5
C14A4.11,T19A5.2
C14A4.11,Y66D12A.9
C14B1.1,R06C1.1
C14B1.2,R05F9.10
C14B1.3,F46A9.5
C14B1.4,ZK1053.5
C14B1.8,R07E4.6
C14B9.1,F38E11.2
C14B9.1,T22A3.2
C14B9.4,R119.4
C14B9.6,T11B7.4
C14B9.7,R06F6.12
C14C10.3,EEED8.1
C14C11.6,C34C6.6
C14C11.6,F13G3.4
C14C11.6,F18C5.2
C14C11.6,F30H5.3
C14C11.6,F32G8.6
C14C11.6,F37C12.9
C14C11.6,F43D9.4
C14C11.6,T01C1.2
C14C11.6,ZC410.2
C14C11.8,T23F1.6
C14E2.1,K12C11.2
C14F11.4,W09H1.6
C14F11.5,ZK892.1
C14F5.5,D1037.3
C14F5.5,F43D9.4
C14F5.5,F46F6.1
C14F5.5,F49B2.5
C14F5.5,F54D5.15
C14F5.5,F54D5.5
C14F5.5,M02A10.3
C14F5.5,R08E3.3
C14F5.5,T20F5.6
C14F5.5,T28F12.3
C14F5.5,W04D2.1
C15A11.7,W08F4.8
C15B12.6,K09B11.1
C15C7.2,ZK858.4
C15C7.5,F44D12.1
C15C7.5,F59C12.3
C15C7.5,Y37A1B.1
C15C8.2,C25A1.11
C15F1.7,F10E9.6
C15H11.6,Y71F9AM.5
C15H11.6,ZK1055.7
C15H11.7,T05E7.5
C15H11.7,W04D2.1
C15H11.7,ZK945.2
C15H11.9,F56C9.1
C15H9.2,Y55F3AM.14
C15H9.7,C54D10.3
C15H9.9,R05F9.10
C16A11.5,C50F4.1
C16A3.10,K04F10.2
C16A3.5,C56C10.8
C16A3.8,C38D4.6
C16B8.2,C18H9.7
C16B8.3,C16B8.3
C16B8.3,C17D12.2
C16B8.3,C24H11.3
C16B8.3,C49A1.4
C16B8.3,F14F3.1
C16B8.3,K09B11.9
C16B8.3,T04H1.2
C16B8.3,W01A11.4
C16B8.3,W03D8.8
C16B8.3,Y80D3A.3
C16B8.3,ZK1067.6
C16B8.3,ZK121.2
C16C10.3,F43G9.5
C16C10.6,Y40B10A.2
C16C4.4,F27C1.6
C16C4.4,F40F8.8
C16C8.11,C16C8.11
C16C8.11,H20J04.5
C16C8.11,W09C2.1
C16C8.12,F32E10.4
C16C8.12,T11B7.4
C16C8.12,ZK858.4
C16C8.4,Y47G6A.14
C16C8.5,F37B1.4
C16C8.5,T11B7.4
C16C8.9,R05F9.10
C17B7.7,T04H1.2
C17C3.8,R02F2.5
C17C3.8,Y49E10.14
C17D12.2,K02B9.2
C17D12.2,M04G12.1
C17D12.2,T19E7.3
C17D12.2,T21G5.5
C17D12.2,W10C8.2
C17D12.7,C38D9.1
C17E4.10,R13F6.9
C17E4.2,F27C1.6
C17E4.2,Y38H6C.14
C17E4.2,ZK20.3
C17E7.4,K04G2.8
C17E7.4,T17H7.4
C17E7.4,Y41E3.7
C17G1.7,Y57A10A.24
C17G10.5,C18B2.4
C17G10.5,C18B2.5
C17G10.5,R05F9.10
C17G10.5,R09B5.5
C17G10.5,T01D1.6
C17G10.5,Y113G7B.23
C17G10.9,T16G1.11
C17H12.1,T24H10.6
C17H12.14,E02H4.2
C17H12.14,F53G12.4
C17H12.14,T08E11.4
C17H12.14,ZK652.6
C17H12.2,F32A11.6
C17H12.4,W09C2.1
C18A11.2,F47B8.3
C18A11.7,F35G12.9
C18A11.7,T28A11.11
C18A11.7,Y110A7A.13
C18A3.5,F56F3.6
C18B2.2,F52E4.7
C18B2.4,R02F2.5
C18B2.4,Y22F5A.4
C18B2.4,ZK1127.10
C18B2.5,R07E4.6
C18B2.5,ZC123.4
C18C4.10,F46C5.9
C18C4.10,W02B12.8
C18C4.10,ZK1098.10
C18D1.3,C18G1.2
C18D11.4,C23G10.8
C18D11.4,C56C10.8
C18D4.8,E02H4.2
C18E3.3,ZK675.2
C18E3.9,Y69H2.3
C18E9.8,F54A5.1
C18E9.8,Y105C5B.19
C18E9.9,C40A11.2
C18G1.2,C25E10.10
C18G1.2,F11A5.2
C18G1.2,F25D1.5
C18G1.2,F31D4.4
C18G1.2,K04A8.1
C18G1.2,K05B2.3
C18G1.2,K10C9.7
C18G1.2,T20D4.17
C18G1.2,Y34D9A.3
C18G1.2,Y38E10A.3
C18G1.2,Y49F6C.3
C18G1.2,Y59A8A.1
C18H9.1,E02H4.2
C18H9.1,F44F1.7
C18H9.7,C25A1.4
C18H9.7,C39D10.7
C18H9.7,C52B11.2
C18H9.7,D1037.3
C18H9.7,D1054.5
C18H9.7,F10D11.2
C18H9.7,F49E8.4
C18H9.7,F54C9.11
C18H9.7,K09B11.9
C18H9.7,K10D3.4
C18H9.7,R04B5.4
C18H9.7,R06C1.3
C18H9.7,T22A3.3
C18H9.7,T22D2.1
C18H9.7,W02G9.2
C18H9.7,W05H7.4
C18H9.7,Y119C1A.1
C18H9.7,Y37E11AR.2
C18H9.7,Y40C5A.1
C18H9.7,Y42H9AR.1
C18H9.7,Y45G5AM.1
C18H9.7,Y52D3.1
C18H9.7,Y61A9LA.9
C18H9.7,Y75B8A.17
C18H9.7,ZK1098.4
C18H9.7,ZK270.2
C23G10.2,R05F9.10
C23G10.3,T23D8.3
C23G10.3,T23F1.6
C23G10.3,Y37D8A.9
C23G10.4,C56G2.7
C23G10.4,Y62E10A.14
C23G10.8,K11D9.2
C23G10.8,T26A5.9
C23H3.3,C37C3.6
C23H3.3,C55B7.4
C23H3.3,F29G9.2
C23H3.3,F30H5.3
C23H3.3,T21B6.3
C23H3.3,T22H2.5
C23H3.7,R05F9.10
C23H4.1,R05F9.10
C24A3.2,R05F9.10
C24B5.5,Y69H2.3
C24D10.2,F11G11.4
C24D10.2,W01B11.1
C24D10.6,K09B11.9
C24G6.1,F59E12.10
C24G6.3,T03F1.3
C24H11.3,W10C8.2
C25A1.11,F53A10.2
C25A1.4,C25A1.4
C25A1.4,C49C3.6
C25A1.4,F01G10.2
C25A1.4,F26B1.2
C25A1.4,F32B4.4
C25A1.4,F37B1.4
C25A1.4,F42A6.7
C25A1.4,F44G4.4
C25A1.4,Y106G6D.7
C25A1.4,Y37H2A.1
C25A1.4,Y59A8B.10
C25A1.5,F25E2.5
C25A1.7,Y56A3A.7
C25D7.8,M7.1
C25E10.7,ZK1053.5
C25E10.8,F23C8.4
C25E10.8,R05F9.10
C25F6.1,Y105E8B.4
C25F6.2,T09A5.10
C25F9.7,T20G5.11
C25G4.4,F55C5.1
C25G4.4,T05H4.14
C25G4.4,W06F12.1
C25G4.4,ZK1225.6
C26B2.3,C32D5.9
C26B2.3,C50F4.1
C26B2.3,F12F6.5
C26B2.3,T12D8.7
C26B2.3,T26A5.9
C26B2.6,C38D4.6
C26B2.6,K08H2.1
C26B2.6,W04D2.1
C26C6.2,F22B7.13
C26C6.2,F32A6.4
C26C6.2,F38H4.3
C26C6.2,F53A10.2
C26C6.2,Y69A2AR.2
C26D10.1,ZK849.2
C26E6.5,F46A9.5
C26E6.7,T18D3.7
C26E6.8,F11H8.1
C26F1.3,F52E1.7
C26F1.4,C53A5.3
C26G2.2,F14F3.1
C27A12.2,F47D12.4
C27A12.2,T04H1.2
C27A12.7,F44G3.9
C27A12.7,R01H2.6
C27A12.8,R01H2.6
C27A2.3,Y71G12B.27
C27A2.5,W09G12.7
C27A2.5,Y39B6A.1
C27A2.6,C36C9.1
C27A2.6,F42H10.7
C27A2.6,T17H7.4
C27A2.6,T27F2.1
C27B7.1,F28B12.3
C27B7.1,R07B7.3
C27B7.4,C49A1.4
C27B7.4,C50C3.8
C27B7.4,F14F3.1
C27B7.4,F35H8.5
C27B7.4,K09B11.9
C27B7.4,T23H4.2
C27B7.4,W03D8.8
C27B7.4,W04D2.1
C27B7.4,Y62E10A.16
C27B7.4,ZK858.4
C27C7.4,K10C3.6
C27D6.3,F11G11.4
C27H2.3,ZK849.2
C27H5.1,F19H8.3
C27H5.2,F44G3.9
C27H5.2,K01D12.4
C27H5.2,T17H7.4
C27H5.2,ZK678.1
C27H5.4,Y57A10A.8
C27H6.2,T22D1.10
C28A5.3,F10C1.2
C28C12.3,R05F9.10
C28C12.4,R05F9.10
C28D4.3,C28D4.3
C28D4.3,M01E5.2
C28G1.3,C53A5.3
C28H8.11,C28H8.11
C28H8.11,C47B2.6
C28H8.11,W02G9.2
C28H8.12,C28H8.12
C28H8.12,C34E10.6
C28H8.12,F10C1.2
C28H8.12,K04D7.1
C28H8.12,R02F11.4
C28H8.12,W10G11.20
C28H8.12,Y113G7B.23
C28H8.12,Y53F4B.22
C28H8.12,Y75B8A.30
C28H8.9,C34F11.9
C28H8.9,F36G3.1
C28H8.9,M04G12.1
C28H8.9,T05C12.6
C28H8.9,Y39B6A.1
C29E4.1,Y40B10A.2
C29E4.5,W09D6.5
C29F5.1,F15E6.2
C29F9.5,C38D4.6
C29F9.5,F44G3.9
C29F9.5,F52E4.1
C29F9.5,K10B3.7
C30A5.2,F20H11.5
C30A5.2,R01H10.5
C30A5.2,Y43C5A.6
C30B5.1,F14D2.12
C30B5.1,F42G4.3
C30B5.3,M04G12.1
C30C11.2,Y119D3B.15
C30F12.1,R02F11.1
C30F12.4,R02F2.5
C30F12.4,Y49E10.14
C30F12.4,ZK121.2
C30F2.3,F10G7.4
C31C9.2,Y69A2AR.2
C31C9.3,F46A9.5
C31C9.3,R12H7.5
C31H1.6,C31H1.6
C31H1.6,D1022.8
C31H1.6,H27M09.2
C31H1.6,T04H1.2
C32A3.1,C49A1.4
C32A3.1,ZK858.4
C32B5.10,F38A5.7
C32D5.8,T19C3.8
C32D5.9,F20C5.6
C32D5.9,R102.5
C32D5.9,Y46G5A.18
C32D5.9,Y87G2A.3
C32E8.10,C49A1.4
C32E8.10,Y116A8C.36
C32E8.6,F53G12.4
C32F10.2,F39B2.2
C32F10.6,C35D10.2
C32F10.6,C50F4.1
C32F10.6,F14D12.2
C32F10.6,M79.1
C32F10.6,T01C8.1
C32F10.6,T12B5.6
C32F10.6,T23C6.5
C32F10.6,Y39A3B.2
C32F10.6,Y43B11AR.3
C32H11.5,R05F9.10
C33D3.1,W08D2.8
C33D3.3,Y69H2.3
C33E10.1,W09C2.1
C33G3.1,C49A1.4
C33G3.1,F28H6.4
C33G3.1,T07D4.2
C33G3.6,K08A8.1
C33G3.6,T17H7.4
C33G8.10,Y69H2.3
C33G8.4,W09C2.1
C33G8.4,Y17G7B.11
C33G8.8,Y69H2.3
C33H5.12,K02F3.11
C33H5.12,Y55F3AM.3
C34B2.2,R07E4.6
C34B7.3,ZK849.2
C34C12.5,F14D12.2
C34C12.5,R09B5.5
C34C6.6,D1025.3
C34C6.6,F23C8.4
C34C6.6,F26F12.2
C34C6.6,F27C1.4
C34C6.6,M02A10.1
C34C6.6,Y41C4A.14
C34C6.6,Y57A10C.6
C34C6.6,ZK1010.1
C34D1.5,T24H10.7
C34D10.1,K08H10.2
C34D10.2,T17H7.4
C34D4.12,T27F2.1
C34E10.2,Y75B8A.14
C34E10.6,F13D12.6
C34E10.6,F28D1.2
C34E10.6,F38H4.8
C34E10.6,W02G9.2
C34E10.6,Y113G7A.6
C34E10.8,ZK863.6
C34E11.1,T25B9.7
C34E11.3,T04H1.2
C34F11.9,T04H1.2
C34F11.9,T11B7.4
C34F6.9,W02D3.9
C34F6.9,W09H1.6
C34G6.2,C45G9.7
C34G6.2,Y17G7B.14
C34G6.3,C38D9.1
C34G6.3,D2096.8
C34H4.2,R06C1.1
C35B1.1,C50F4.11
C35B1.1,F21F8.7
C35B1.1,K10B3.8
C35B1.1,R05D3.4
C35B1.1,T10H10.1
C35B1.1,Y38A10A.5
C35B1.1,Y54G2A.31
C35B1.2,F55F8.8
C35B1.5,Y40B10A.2
C35B8.2,C38D4.6
C35B8.2,T28C6.7
C35B8.2,Y75B8A.1
C35D10.2,Y75B8A.1
C35E7.1,D2030.6
C35E7.10,K05B2.4
C35E7.2,C49A1.4
C36A4.10,R05F9.10
C36A4.8,K04C2.4
C36A4.8,K07F5.14
C36A4.8,T26A5.9
C36B1.1,R05F9.10
C36B1.1,ZK637.5
C36B1.12,K01G5.4
C36B1.4,C48B6.3
C36B1.4,D1054.2
C36B1.4,F23F1.8
C36B1.4,F25H2.9
C36B1.4,F39H12.1
C36B1.4,F47D12.3
C36B1.4,F54D10.3
C36B1.4,W02G9.2
C36B1.4,Y105C5B.19
C36B1.4,Y43C5A.6
C36B1.4,Y57A10A.32
C36B1.5,F26B1.2
C36B1.7,M04G12.1
C36B7.7,ZK1053.5
C36C9.1,C36C9.1
C36C9.1,C50E3.13
C36C9.1,C52B11.2
C36C9.1,F28D1.2
C36C9.1,F49H12.3
C36C9.1,H06I04.1
C36C9.1,K09B11.9
C36C9.1,M7.2
C36C9.1,R05F9.1
C36C9.1,R07B7.2
C36C9.1,T04D3.1
C36C9.1,Y54E2A.3
C36C9.1,Y57A10B.6
C36C9.1,Y65B4BR.4
C36C9.1,ZK112.2
C36C9.1,ZK673.3
C36E6.5,F41G3.10
C36F7.2,ZK1055.7
C36H8.1,D2013.2
C36H8.1,K02B7.3
C37A2.2,F47D12.4
C37A2.5,R02F2.5
C37A2.5,T21G5.5
C37A2.5,W10C8.2
C37A2.7,Y37E3.7
C37C3.6,F35A5.3
C37C3.6,T23F1.6
C37C3.6,Y17G7B.14
C37C3.6,ZK1067.7
C37E2.1,F43G9.1
C38C3.5,M03F4.2
C38C3.5,T04C12.6
C38D4.6,C38D4.9
C38D4.6,C50F4.13
C38D4.6,F08G12.2
C38D4.6,F10C5.1
C38D4.6,F13E6.1
C38D4.6,F14F3.1
C38D4.6,F28H6.1
C38D4.6,F35C8.3
C38D4.6,F38B6.1
C38D4.6,F44B9.9
C38D4.6,F44E7.9
C38D4.6,F46G11.3
C38D4.6,F53F4.10
C38D4.6,F54C8.3
C38D4.6,F59A6.1
C38D4.6,H04J21.3
C38D4.6,H20J04.5
C38D4.6,K06H7.6
C38D4.6,K07C11.2
C38D4.6,K07C11.4
C38D4.6,K09B11.1
C38D4.6,M02A10.3
C38D4.6,R03G5.2
C38D4.6,R12B2.4
C38D4.6,R13F6.9
C38D4.6,R144.1
C38D4.6,T04A8.11
C38D4.6,T05G5.3
C38D4.6,T12B5.6
C38D4.6,T26A5.9
C38D4.6,Y110A7A.10
C38D4.6,Y37A1B.13
C38D4.6,Y51H4A.17
C38D4.6,Y55F3AM.15
C38D4.6,Y73B6A.5
C38D4.6,ZC504.4
C38D4.6,ZK858.4
C38D9.1,F44G3.9
C38D9.1,R02F2.5
C38D9.1,T05F1.4
C38D9.1,Y105C5B.19
C38D9.1,Y53H1A.1
C38D9.1,Y55F3C.6
C38D9.1,ZC239.15
C39D10.3,Y69H2.3
C39D10.7,F14D12.2
C39D10.7,F14F3.1
C39D10.7,F25E2.5
C39D10.7,F54A5.3
C39D10.7,K08D10.7
C39D10.7,R12B2.1
C39D10.7,T11B7.4
C39D10.7,T26A5.9
C39D10.7,Y17G7B.14
C39D10.7,Y37D8A.17
C39D10.7,Y50E8A.9
C39D10.7,ZK418.4
C39D10.7,ZK849.2
C39E9.11,T04H1.2
C39E9.13,C54G10.2
C39E9.13,F31E3.3
C39E9.14,Y113G7A.13
C39E9.14,ZC328.4
C39E9.5,R05F9.10
C39E9.5,Y69H2.3
C40A11.2,F17E9.5
C40A11.2,Y39B6A.1
C40A11.7,C40A11.7
C40A11.7,D1054.2
C40A11.7,W04D2.1
C40A11.7,ZK1055.7
C40H1.1,F52E1.7
C40H1.3,F52D2.4
C40H1.6,T03F1.1
C40H1.6,W02G9.2
C41A3.2,T11B7.1
C41C4.8,C41C4.8
C41C4.8,F23C8.4
C41C4.8,F28F8.6
C41C4.8,Y94H6A.9
C41G7.1,Y37D8A.9
C42D8.2,T23F1.6
C43C3.1,F08C6.3
C43C3.1,T17H7.4
C43E11.4,K11D2.3
C43E11.9,Y69H2.3
C43F9.6,W09C2.1
C43G2.2,K09H11.1
C43G2.2,T25B9.8
C44B7.1,F56H1.4
C44B9.2,C52B11.2
C44B9.2,F10D11.2
C44B9.2,F42H10.5
C44B9.2,F55H12.6
C44B9.2,K08H2.3
C44B9.2,M04G12.1
C44B9.2,Y17G7B.15
C44B9.2,ZK1055.7
C44B9.2,ZK1248.3
C44C1.5,F25D1.5
C44C11.1,W05B10.4
C44H4.5,C48D5.1
C44H4.5,F52D10.3
C44H4.5,T28C6.7
C45B2.1,R05F9.10
C45E5.6,Y47D3A.2
C45E5.6,Y49F6C.3
C45E5.6,ZK849.2
C45G3.1,R02F11.4
C45G3.1,T21H3.3
C45G3.1,W04D2.1
C45G3.5,F29B9.6
C45G9.7,F42A10.2
C45G9.7,F59E12.11
C45G9.7,K05C4.6
C45G9.7,T20F5.4
C45G9.7,ZK1128.7
C46E10.5,F15B10.3
C46E10.5,F38A5.7
C46F11.1,W09H1.6
C46F11.4,W02D3.8
C46H11.8,F09F7.5
C46H11.8,F45E1.7
C46H11.8,Y65B4BR.4
C46H3.1,R02F2.5
C47B2.2,F19B6.1
C47B2.4,Y38A8.2
C47C12.3,F54E7.7
C47C12.3,W10C8.2
C47D12.2,F52C6.2
C47D12.2,F52E1.13
C47D12.2,Y105E8A.1
C47D12.2,ZK1098.10
C47D2.1,Y69H2.3
C47D2.2,C47D2.2
C47D2.2,T23G5.3
C47E12.9,Y40B10A.2
C47E8.5,C47E8.5
C47E8.5,F29C4.1
C47E8.5,F32A11.2
C47E8.5,K06B4.1
C47E8.5,R07E5.8
C47E8.5,R12B2.1
C47E8.5,W08F4.8
C47G2.1,R05F9.10
C47G2.2,R02F2.5
C47G2.2,W02D3.9
C47G2.2,W09C2.1
C47G2.2,W10C8.2
C47G2.5,K07C11.2
C48D5.1,F33H2.6
C48D5.1,F52F12.3
C48D5.1,R03G5.2
C48D5.1,Y17G9B.5
C48D5.1,Y69A2AR.2
C48D5.1,ZK945.2
C48E7.7,R05F9.10
C48E7.9,K08A8.1
C49A1.4,C49H3.5
C49A1.4,C53C7.3
C49A1.4,D1046.1
C49A1.4,D2089.4
C49A1.4,F13G11.1
C49A1.4,F14F9.4
C49A1.4,F15C11.1
C49A1.4,F27D4.5
C49A1.4,F44A2.1
C49A1.4,F46A8.10
C49A1.4,F46A9.6
C49A1.4,F54D8.6
C49A1.4,F56A12.1
C49A1.4,F57G12.2
C49A1.4,F59A2.1
C49A1.4,H28G03.2
C49A1.4,K01B6.1
C49A1.4,K02B9.2
C49A1.4,K02E10.4
C49A1.4,K08F8.2
C49A1.4,K09B11.9
C49A1.4,M106.4
C49A1.4,M142.6
C49A1.4,M79.1
C49A1.4,R06A4.4
C49A1.4,R119.4
C49A1.4,R74.5
C49A1.4,T01G9.6
C49A1.4,T02E1.3
C49A1.4,T07D1.4
C49A1.4,T07F8.3
C49A1.4,T21G5.5
C49A1.4,T22A3.3
C49A1.4,W01A11.4
C49A1.4,W03F11.6
C49A1.4,W08E12.8
C49A1.4,W10C8.2
C49A1.4,Y119C1A.1
C49A1.4,Y50E8A.9
C49A1.4,Y54G2A.26
C49A1.4,Y5H2B.2
C49A1.4,Y63D3A.5
C49A1.4,Y79H2A.1
C49A1.4,ZK121.2
C49A9.6,F43C1.2
C49C3.7,F43C1.2
C49F5.1,C49F5.1
C49F5.1,T13A10.11
C49F5.6,T14G10.6
C49G7.1,F33E11.3
C49G7.1,F54B11.5
C49G7.1,H14N18.1
C49G7.1,T22E5.5
C49G7.1,Y57G11C.9
C49G7.11,C49G7.11
C49H3.11,F58A4.4
C49H3.11,R12B2.1
C49H3.4,ZK652.1
C49H3.5,F56D5.5
C49H3.5,ZK858.4
C50A2.2,R11A5.2
C50C3.8,C50C3.8
C50C3.8,F44F1.7
C50C3.8,K08F8.4
C50C3.8,W02D9.3
C50C3.8,ZK1055.1
C50E10.4,D2096.8
C50E10.4,F11G11.4
C50E10.4,F49H12.3
C50E10.4,Y69A2AR.30
C50E3.12,W09C2.1
C50E3.13,C50E3.13
C50E3.5,F11A3.2
C50E3.5,F52E1.7
C50F2.3,F53B7.3
C50F2.3,Y116A8C.34
C50F2.5,R12B2.1
C50F4.1,F10C1.7
C50F4.1,F26F2.3
C50F4.1,F32D1.1
C50F4.1,F54G8.4
C50F4.1,T09A5.12
C50F4.1,T21G5.5
C50F4.1,W05H7.4
C50F4.1,Y46G5A.18
C50F4.1,Y55D9A.2
C50F4.1,Y55F3C.6
C50F4.1,Y61A9LA.9
C50F4.1,ZC455.1
C50F4.1,ZK849.2
C50F4.11,ZK20.3
C50F7.6,W04D2.1
C50H11.1,Y40B10A.2
C52B11.2,C52B11.2
C52B11.2,DH11.4
C52B11.2,F14F3.1
C52B11.2,F14F3.2
C52B11.2,F35D2.5
C52B11.2,F37B1.4
C52B11.2,F54C9.11
C52B11.2,K12B6.8
C52B11.2,T04H1.2
C52B11.2,T17H7.4
C52B11.2,W05H7.4
C52B11.2,W10C8.1
C52B11.2,Y37D8A.21
C52B11.2,Y42H9AR.1
C52B11.2,Y54H5A.3
C52E4.3,ZK652.1
C52E4.4,F35G12.12
C53A5.3,F55A11.1
C53A5.3,T18H9.2
C53A5.3,T22F3.2
C53A5.6,F14F3.2
C53A5.6,F53F1.6
C53A5.6,Y54G2A.31
C53A5.6,Y69H2.6
C53A5.6,Y71H2B.3
C53A5.6,ZK177.8
C53B4.7,C53B4.7
C53C11.2,W09C2.1
C53C7.1,F52C6.3
C53C7.3,F46A8.10
C53C7.3,R02F2.5
C53D5.3,F52E1.7
C53D5.4,DH11.4
C53D5.5,F55D12.1
C53D5.6,F35C5.7
C53D5.6,R13H8.1
C53D5.6,Y75B8A.35
C53D6.6,C53D6.6
C53D6.6,T07C4.1
C54D1.5,F44B9.6
C54E10.6,F10C1.7
C54E10.6,F32E10.4
C54E10.6,F55C12.1
C54E10.6,T28C6.7
C54E10.6,ZK867.1
C54F6.14,C54F6.14
C54F6.14,D1037.3
C54F6.14,Y105E8B.4
C54F6.14,Y39A1A.3
C54F6.14,ZK856.11
C54F6.8,F53F10.5
C54F6.8,Y43F8C.1
C54G10.2,F31E3.3
C54G10.2,W03D2.4
C54G4.3,ZK849.2
C54H2.4,Y40B10A.2
C55B7.4,F07A5.7
C55B7.4,Y17G7B.14
C55B7.5,C56G2.7
C55B7.9,F37C4.5
C56C10.7,Y42H9AR.1
C56C10.8,F45D3.2
C56C10.8,T01C8.1
C56C10.8,Y65B4BR.5
C56C10.8,Y75B8A.2
C56C10.9,W09H1.6
C56E6.3,K01G5.4
C56G2.3,T04D3.1
C56G2.7,R12B2.5
C56G7.3,ZK593.6
CC4.3,Y49F6B.4
CC8.1,F32E10.4
CC8.1,F43C1.2
CC8.1,F55B12.3
CC8.1,W03G9.4
CC8.1,Y57A10C.6
CC8.1,Y65B4BR.5
CC8.1,Y71G12B.27
CC8.1,ZK1010.1
CD4.6,D1054.2
CD4.6,F09E5.7
CD4.6,Y39G10AR.15
CD4.6,Y79H2A.1
CD4.6,ZK1098.4
CD4.6,ZK945.2
D1005.3,T04H1.2
D1007.12,F25E2.5
D1007.12,Y113G7A.6
D1007.12,Y39B6A.1
D1007.12,ZK678.1
D1007.6,K08F8.4
D1007.8,T07E3.5
D1014.8,Y40B1B.6
D1022.4,D1022.4
D1037.3,D1037.3
D1037.3,F32E10.4
D1037.3,K06B4.1
D1037.3,W07G4.5
D1037.3,ZK856.11
D1046.1,D1046.1
D1046.1,F14F3.1
D1046.1,F38A6.1
D1046.1,F43G9.5
D1046.1,K09B11.9
D1046.1,T11B7.4
D1046.1,W03D8.8
D1053.1,D1053.1
D1053.1,W02G9.2
D1053.1,ZK829.7
D1054.13,D1054.13
D1054.13,F01G10.2
D1054.13,F08G12.4
D1054.13,F37B1.4
D1054.13,F46G11.1
D1054.13,F53G12.4
D1054.13,M79.1
D1054.13,T04H1.2
D1054.13,ZK632.6
D1054.2,D1054.2
D1054.2,H15N14.2
D1054.2,K05C4.1
D1054.2,K09B11.9
D1054.2,R166.1
D1054.2,W02G9.2
D1054.2,ZK673.3
D1054.5,F13G3.4
D1081.9,F55A12.10
D1081.9,R102.5
D2013.2,D2092.1
D2013.2,D2096.2
D2013.2,F13E6.1
D2013.2,F17E9.5
D2013.2,W06A7.3
D2013.2,Y38C1AA.7
D2013.2,Y43C5A.6
D2013.2,Y71F9B.3
D2013.2,ZK40.1
D2013.6,Y65B4BR.4
D2013.7,Y37A1B.1
D2023.2,T11B7.1
D2023.4,D2023.4
D2030.6,F44A6.2
D2045.8,D2045.8
D2045.8,T04H1.2
D2045.8,ZK632.12
D2045.9,F15C11.2
D2045.9,R05F9.10
D2045.9,ZK637.5
D2063.1,T01G9.2
D2063.1,Y77E11A.6
D2063.1,ZK849.2
D2085.2,M7.5
D2085.3,F44D12.1
D2085.3,K12C11.2
D2089.4,D2089.4
D2089.4,T21G5.5
D2089.4,Y54H5A.3
D2092.1,T03G11.6
D2096.12,F44G3.9
DH11.2,ZK1127.10
DH11.4,F13B10.1
DH11.4,F14F9.4
DH11.4,F20C5.6
DH11.4,F28D1.2
DH11.4,F38E11.5
DH11.4,F42A6.9
DH11.4,F49H12.3
DH11.4,F53F10.2
DH11.4,T10B11.3
DH11.4,Y53H1A.1
DH11.4,Y65B4BR.4
DH11.4,Y69H2.3
DH11.4,ZC8.4
DH11.4,ZK1053.5
DH11.4,ZK112.2
DY3.2,F08G5.3
DY3.2,F20C5.2
DY3.2,T28A11.11
DY3.2,Y17G7B.15
DY3.6,F45C12.11
E01A2.1,F25H9.6
E01A2.1,F37B12.2
E01A2.8,W02D3.9
E02H1.7,K08H2.8
E02H1.7,K10C3.6
E02H1.7,Y37E11AR.2
E02H4.2,F59E12.9
E02H4.2,T26A8.4
E02H4.2,ZK1067.6
E02H4.2,ZK973.9
E04F6.3,E04F6.3
EEED8.1,F52E1.7
EEED8.1,Y23H5A.3
EEED8.12,F17E9.5
EEED8.16,F35C8.3
EEED8.3,Y75B8A.30
F01D4.4,K08F11.3
F01D5.5,R05F9.10
F01F1.1,Y53H1A.1
F01F1.1,ZK849.2
F01F1.12,F01F1.12
F01F1.12,T27A3.1
F01F1.4,F46G11.1
F01F1.4,Y55F3AM.15
F01F1.6,ZK849.2
F01F1.9,F01F1.9
F01F1.9,F01G10.2
F01F1.9,F37B1.4
F01G10.2,F17E9.5
F01G10.2,F55G1.9
F01G10.2,F57C9.4
F01G10.2,F59C12.3
F01G10.2,H06I04.1
F01G10.2,K02E7.9
F01G10.2,R02F2.5
F01G10.2,R05D8.8
F01G10.2,T12E12.4
F01G10.2,W10C8.2
F01G10.2,Y49E10.14
F01G10.2,Y55F3C.6
F01G10.2,Y62E10A.16
F01G10.2,ZC239.15
F01G10.2,ZK121.2
F01G10.5,T17H7.4
F01G10.8,Y66H1B.2
F01G12.6,F14F3.2
F01G12.6,T17H7.4
F02A9.3,M01F1.4
F02A9.3,ZK418.4
F02A9.6,F13G3.4
F02C9.4,Y69H2.3
F02D10.6,F46A9.4
F02E8.4,W10D5.3
F02E9.1,Y62E10A.16
F02E9.4,F57C9.4
F07A11.1,F15C11.1
F07A11.1,T23F2.5
F07A5.7,F44B9.6
F07A5.7,ZK678.1
F07B7.2,F54B11.6
F07B7.2,R02F2.5
F07B7.2,T17H7.4
F07C6.4,K09B11.9
F07F6.8,F47G4.4
F07F6.8,Y37H9A.3
F07H5.2,Y41E3.7
F08A8.1,F37D6.1
F08A8.7,F46A9.4
F08A8.7,F46A9.5
F08A8.7,R12H7.5
F08B4.7,K09B11.9
F08B4.7,R02F2.5
F08B6.3,T08G5.5
F08B6.4,K09B11.9
F08B6.4,T11B7.1
F08B6.4,T11B7.4
F08C6.1,ZK849.2
F08C6.3,F54B11.7
F08C6.3,R107.5
F08C6.3,T05C12.6
F08C6.3,T18D3.7
F08C6.3,T20G5.1
F08C6.3,T22A3.3
F08C6.6,R05F9.10
F08C6.6,ZK637.5
F08C6.7,F14F3.1
F08C6.7,F43C1.2
F08C6.7,R11E3.6
F08D12.3,Y17G7B.14
F08F8.1,F08G2.5
F08F8.1,Y69H2.3
F08F8.1,ZK1053.5
F08F8.10,K09B11.9
F08F8.10,T04H1.2
F08F8.5,F08G2.5
F08F8.5,Y113G7B.15
F08F8.9,T11B7.4
F08G12.2,T12G3.1
F08G12.2,Y79H2A.1
F08G12.4,Y77E11A.7
F08G2.4,Y65B4BR.4
F08G2.5,F44G3.9
F08G2.5,K08E7.5
F08G2.5,R10E4.1
F08G2.5,W03G1.5
F08G2.5,Y39B6A.1
F08G2.7,K04G2.8
F08G5.1,T28A11.11
F08H9.4,K02E2.7
F09A5.4,W09C2.1
F09B9.4,W09H1.6
F09C8.2,R11F4.2
F09F3.11,F21D5.4
F09F3.9,F25E2.5
F09F7.2,Y57G11C.22
F09F7.5,F45E1.7
F09F7.5,R07G3.1
F09F7.5,R09B5.5
F09F7.5,W09H1.6
F09F7.5,ZK892.1
F09F7.8,R02F2.5
F09F7.8,T19C3.8
F09F7.8,Y49E10.14
F09F7.8,ZK121.2
F09G2.5,Y40B10A.2
F09G8.7,K08F8.4
F10A3.2,K07C11.2
F10A3.2,R12H7.5
F10B5.2,F41H10.4
F10B5.2,K04G2.6
F10B5.2,R05D3.4
F10B5.3,T11B7.1
F10C1.2,F20C5.2
F10C1.2,F59G1.7
F10C1.2,Y56A3A.7
F10C1.2,Y59A8B.22
F10C1.7,F20C5.2
F10C1.7,F44B9.6
F10C1.7,T17H7.4
F10C1.7,Y39B6A.11
F10C1.7,Y56A3A.7
F10C1.7,ZK678.1
F10C5.2,K01G5.4
F10E7.2,ZK1127.9
F10E9.3,F43C1.2
F10E9.3,K09B11.9
F10E9.3,T01G9.2
F10E9.3,T04H1.2
F10E9.3,Y69A2AR.30
F10F2.4,M163.1
F10G7.11,F52E1.7
F10G7.4,F11E6.1
F10G7.4,F13D12.6
F10G7.4,F18E2.3
F10G7.4,F56D12.5
F10G7.4,F57F5.1
F10G7.4,K08F8.1
F10G7.4,T03E6.7
F10G7.4,T06E4.3
F10G7.4,Y24F12A.2
F10G7.9,Y54G9A.6
F10G8.6,Y54H5A.4
F10G8.8,F44B9.6
F10G8.8,T26A5.9
F10G8.8,ZK418.4
F10G8.8,ZK849.2
F11A1.3,F45D3.2
F11A1.3,W08E12.8
F11A10.2,W07E6.4
F11A10.3,F32D1.9
F11C1.1,F45D3.2
F11D5.1,F21G4.4
F11D5.1,F47B10.8
F11D5.1,F57B9.6
F11D5.6,Y40B10A.2
F11E6.2,F39H2.4
F11E6.3,R05F9.10
F11G11.11,F43C1.2
F11G11.12,T11B7.4
F11G11.2,Y75B8A.1
F11G11.4,F11G11.4
F11G11.5,R102.5
F11G11.5,T11B7.1
F11G11.5,Y65B4BR.4
F11G11.5,ZK121.2
F11H8.4,ZK1127.9
F12E12.5,Y57A10B.6
F13A2.4,F44E2.7
F13B10.1,F13B10.1
F13B10.1,F15A4.11
F13B10.1,F52H2.5
F13B10.1,F59A2.6
F13B10.1,K08H2.1
F13B10.1,R06A4.4
F13B10.1,R11E3.7
F13B10.1,T07A9.3
F13B10.1,T22A3.4
F13B10.1,W07E6.4
F13B10.1,Y37E11AR.2
F13B10.1,Y42G9A.1
F13B10.2,K03H1.2
F13B9.1,Y77E11A.13
F13D12.3,R05F9.10
F13D12.8,T26A5.9
F13E6.1,T08G5.5
F13E6.4,T11B7.4
F13G3.4,Y75B8A.35
F13G3.4,ZC302.1
F13G3.9,F58E10.5
F13H10.1,K07C5.8
F13H10.1,Y71G12B.11
F13H10.1,Y79H2A.1
F13H6.3,F16H11.5
F13H6.3,R05D11.8
F13H8.6,F16H9.1
F14B4.2,ZK829.7
F14B6.3,F27C1.6
F14B6.3,Y106G6H.15
F14B6.6,T23H4.2
F14D12.2,F46F11.7
F14D12.2,Y39B6A.1
F14D12.2,Y69H2.3
F14D2.12,Y62E10A.8
F14F3.1,F26G5.9
F14F3.1,F44A2.1
F14F3.1,F44G3.9
F14F3.1,F49B2.5
F14F3.1,F53F10.2
F14F3.1,F57G12.2
F14F3.1,F59A2.1
F14F3.1,F59C6.5
F14F3.1,H06I04.1
F14F3.1,K02B9.2
F14F3.1,K09B11.9
F14F3.1,R02F2.5
F14F3.1,R119.4
F14F3.1,R12B2.5
F14F3.1,T06G6.3
F14F3.1,T07F8.3
F14F3.1,T21G5.5
F14F3.1,T22A3.3
F14F3.1,T22H2.5
F14F3.1,Y119C1A.1
F14F3.1,Y40C5A.1
F14F3.1,Y44E3A.6
F14F3.1,Y65B4BR.4
F14F3.1,Y79H2A.1
F14F3.1,ZK1053.5
F14F3.1,ZK121.2
F14F3.2,F43C1.2
F14F3.2,R02F2.5
F14F3.2,R05F9.1
F14F3.2,T11B7.1
F14F3.2,Y39B6A.11
F14F3.2,Y55F3C.6
F14F3.2,ZK1055.7
F14F9.4,T04H1.2
F14F9.4,T11B7.4
F14H3.10,R05F9.10
F14H3.12,ZC455.1
F15C11.1,F27B3.6
F15C11.1,F52D10.3
F15C11.1,F54C9.11
F15C11.1,K09B11.9
F15C11.1,M117.2
F15C11.1,R05F9.1
F15C11.1,ZK1053.5
F15C11.2,F56A8.6
F15C11.2,F56G4.5
F15C11.2,R06B9.1
F15C11.2,ZK1010.1
F15C11.2,ZK353.8
F15D3.1,Y23H5A.5
F15D3.4,ZC455.1
F15D4.2,ZK858.4
F15E6.2,F53F1.6
F15E6.5,K02E7.9
F15E6.7,Y106G6H.6
F16B12.6,ZK858.4
F16B4.5,R05F9.10
F16F9.1,Y65B4BR.4
F16F9.1,Y69H2.3
F16H11.5,F44E7.8
F17A2.13,F40F12.5
F17A2.5,K08E3.8
F17A2.5,R02F2.5
F17A2.5,T28F12.2
F17A2.5,W10C8.2
F17A2.5,Y113G7B.23
F17C11.9,F42H10.6
F17E9.5,F27C1.4
F17E9.5,F36F2.4
F17E9.5,F45E12.3
F17E9.5,K02B7.3
F17E9.5,K07C11.8
F17E9.5,T03G11.6
F17E9.5,W08F4.12
F17E9.5,Y71H10A.2
F18A1.3,F47D12.4
F18A1.3,W06F12.1
F18A1.3,Y32F6B.3
F18A1.3,Y57A10B.6
F18A1.3,ZK593.6
F18A1.3,ZK849.2
F18A1.5,M04F3.1
F18C5.2,F42H10.3
F18C5.2,Y45F10C.3
F18E2.3,W02A2.6
F19B10.1,ZK858.4
F19B6.2,F59E12.4
F19B6.2,F59E12.5
F19B6.2,M05D6.2
F19F10.11,ZK858.4
F19H8.3,M142.1
F20A1.1,R05F9.10
F20B10.1,T08G5.5
F20B10.3,R02F2.5
F20C5.6,T01G9.2
F20C5.6,T17H7.4
F20D1.1,F36F2.4
F20D1.1,T03G11.6
F20D1.3,ZC239.15
F20G4.3,F31C3.2
F20H11.1,R11A5.2
F21A3.6,T11B7.1
F21C10.8,R05F9.10
F21C10.8,ZK637.5
F21C3.4,Y106G6D.7
F21C3.4,ZK1098.8
F21C3.5,R151.9
F21D5.4,R05G9R.1
F21D5.4,Y71H2B.4
F21H11.2,T12B5.6
F22B5.3,F52E1.7
F22B7.13,T04H1.2
F22B7.13,W04D2.1
F22D6.1,F52E1.7
F22E5.17,Y105C5B.13
F22F7.6,F35G2.2
F22H10.3,K08D10.8
F22H10.3,R02F2.5
F23A7.3,R09G11.2
F23A7.3,T25G12.4
F23B12.4,Y69H2.3
F23B12.5,F31C3.2
F23B12.5,T05H4.14
F23B12.5,Y69A2AR.2
F23B12.6,R02D3.5
F23B12.8,F25E2.4
F23C8.3,Y40B10A.2
F23C8.4,M02A10.3
F23C8.4,T09A5.12
F23C8.4,W06A11.3
F23F1.1,W10D9.4
F23F1.5,W02G9.2
F23F1.8,F23F1.8
F23F1.8,F56H1.4
F23F1.8,ZK632.2
F23F12.9,K11D2.3
F23F12.9,Y69H2.3
F23H11.1,F48F7.7
F23H11.1,T27F2.3
F23H11.2,F52E1.7
F23H12.2,F54F2.8
F23H12.5,T04H1.2
F25B3.3,Y39B6A.46
F25B3.6,F45D3.2
F25B5.2,Y39A1A.7
F25B5.4,M03D4.1
F25B5.6,R11E3.6
F25B5.7,F56A8.6
F25B5.7,Y57A10B.6
F25D1.5,R08H2.1
F25D1.5,Y105E8B.5
F25D7.1,F27C1.4
F25E2.3,K12F2.2
F25E2.5,F25H5.4
F25E2.5,R13F6.9
F25E2.5,T27E9.1
F25E2.5,W01G7.1
F25E2.5,Y113G7B.23
F25E2.5,ZK353.6
F25E2.5,ZK652.3
F25E5.4,Y40B10A.2
F25H2.13,W09D10.3
F25H2.4,Y57G7A.10
F25H2.5,F25H2.5
F25H2.5,F39B2.2
F25H2.9,W02G9.2
F25H5.3,F44G3.9
F25H5.4,F39B2.2
F25H5.4,W06D4.6
F25H9.6,F25H9.6
F26A1.14,T25B9.8
F26A1.6,K02E2.7
F26A3.5,F57A10.4
F26B1.2,F46A9.6
F26B1.2,F59E12.4
F26B1.2,R07B7.3
F26B1.2,T21G5.5
F26B1.2,Y48B6A.3
F26B1.2,Y59A8B.10
F26B1.3,Y59E9AR.5
F26D10.10,F26D10.10
F26D10.10,F26F12.3
F26D10.10,F40A3.6
F26D10.10,K03H1.1
F26D10.3,F57B10.11
F26D10.3,K02E7.9
F26D11.11,Y113G7B.23
F26D11.11,Y37E11AR.2
F26E4.2,F33D11.11
F26E4.6,F43C1.2
F26E4.6,Y69H2.3
F26E4.8,K01G5.4
F26F12.3,Y62E10A.1
F26F2.3,W09H1.6
F26F2.3,ZK892.1
F26F4.1,ZK637.5
F26F4.11,F49E8.4
F26F4.11,W02G9.2
F26F4.2,R09B5.5
F26F4.5,T26A5.9
F26G1.4,F53G12.4
F26G5.9,F38A6.1
F26G5.9,T04H1.2
F26H11.4,F28D1.2
F26H11.4,F54D10.7
F26H11.4,T11B7.1
F26H11.5,ZK1053.5
F26H9.4,F26H9.4
F27C1.4,F45H10.4
F27C1.4,W06A7.3
F27C1.4,Y23H5A.4
F27C1.4,Y38C1AA.7
F27C1.6,F28D1.2
F27C1.6,F29G9.2
F27C1.6,T28C6.7
F27C1.6,Y47D3B.9
F27C1.6,Y54E2A.3
F27C1.7,F56D2.2
F27C8.2,T05G5.10
F27D4.2,W02D3.9
F27D4.5,Y39E4A.3
F27D4.6,Y40B10A.2
F27E5.2,R02F2.5
F27E5.2,W02D3.9
F28B4.2,ZK792.6
F28C6.1,T21B10.1
F28C6.1,Y62E10A.17
F28C6.1,ZK563.6
F28C6.2,T11B7.4
F28C6.2,Y62E10A.17
F28D1.2,F32B4.4
F28D1.2,F39H2.4
F28D1.2,F40A3.6
F28D1.2,K02E10.2
F28D1.2,K12F2.2
F28D1.2,T17H7.4
F28D1.2,T27F2.1
F28D1.2,Y37A1B.1
F28D1.2,Y49F6B.4
F28D1.2,Y87G2A.7
F28D1.2,ZK484.4
F28F5.3,K07D4.7
F28F5.3,T11B7.4
F28F5.3,T17H7.4
F28F5.3,ZK849.2
F28F8.3,F35G2.2
F28F8.3,ZK593.7
F28F8.6,K06A4.5
F28H6.1,T28C6.7
F29B9.4,Y75B8A.1
F29B9.6,F29B9.6
F29B9.6,K04C2.4
F29B9.6,K12C11.2
F29B9.6,R05F9.1
F29B9.6,W04D2.1
F29B9.6,W10D5.3
F29B9.6,Y43C5A.6
F29B9.6,Y57A10A.8
F29C12.1,K09B11.9
F29C4.1,Y38C1AA.6
F29F11.1,F29F11.1
F29F11.1,F37B1.4
F29F11.1,K12C11.2
F29F11.6,K02A11.1
F29F11.6,W05H7.4
F29F11.6,Y32H12A.4
F29G6.3,K11D2.3
F29G6.3,T01D1.6
F29G6.3,T11B7.4
F29G6.3,W09H1.6
F29G6.3,Y69H2.3
F29G6.3,ZK1067.7
F29G6.3,ZK892.1
F29G9.2,F43C1.2
F29G9.2,T17H7.4
F29G9.2,Y17G7B.14
F29G9.2,Y69A2AR.30
F29G9.5,F35G2.2
F29G9.5,T22D1.9
F30A10.2,F55H12.6
F30A10.2,Y59A8B.7
F30A10.3,Y104H12A.1
F30F8.3,F39H2.4
F30F8.3,K06H7.4
F30F8.3,ZK849.2
F30H5.3,F35A5.3
F30H5.3,Y65B4A.7
F30H5.3,ZK1067.7
F31B9.1,W09C2.1
F31C3.2,F32B4.4
F31C3.2,F32E10.4
F31C3.2,K12C11.2
F31C3.2,Y46G5A.15
F31C3.2,ZK858.4
F31C3.5,F32G8.6
F31E3.1,T28F12.2
F31E3.2,F59B1.7
F31E3.2,H14N18.1
F31E3.2,T21B6.3
F31E3.2,T28F12.2
F31E3.3,F32A11.2
F31E3.3,K09A11.1
F31E3.3,Y57G11C.22
F31E3.5,K09B11.9
F31E3.5,R02F11.1
F31E3.5,W03F9.1
F32A11.6,F32A11.6
F32A5.7,ZK593.7
F32B4.4,F32B4.4
F32B4.4,F55H12.6
F32B4.4,K02B9.2
F32B4.4,T11B7.1
F32B4.4,W05H7.4
F32B4.4,W10C8.2
F32B4.4,Y54E2A.3
F32B4.4,Y65B4BR.4
F32B4.4,ZK121.2
F32B6.1,T26A5.9
F32B6.1,W01D2.2
F32B6.4,T11B7.1
F32B6.5,K11D9.1
F32B6.5,Y41C4A.14
F32D1.1,F32D1.1
F32D1.1,F43C1.2
F32D1.1,K12C11.2
F32D1.1,T04H1.2
F32D1.1,W04D2.1
F32D1.1,Y41C4A.14
F32D1.6,T27F6.4
F32D1.7,F52E1.7
F32E10.4,F43C1.4
F32E10.4,Y119C1A.1
F32E10.4,Y57A10A.25
F32G8.6,F32G8.6
F32G8.6,F48E3.4
F32G8.6,F54D10.7
F32G8.6,T07D4.2
F32G8.6,T22D1.12
F32H2.3,F40F12.5
F32H2.3,T07C4.10
F32H2.6,W09C2.1
F33A8.1,T04H1.2
F33A8.3,Y113G7B.17
F33A8.5,M04G12.1
F33D11.11,T06E4.1
F33D11.11,ZK1055.1
F33E2.2,T17H7.4
F33G12.2,R07E5.1
F33G12.5,F43G9.11
F33G12.5,F44B9.6
F33G12.5,T17H7.4
F33G12.5,ZK678.1
F33H1.3,F52E1.7
F33H2.6,R09B3.1
F34D10.4,ZK858.4
F34H10.3,T06D4.1
F35A5.3,F56H11.1
F35A5.3,K08E7.5
F35A5.3,T21D12.11
F35A5.3,Y39B6A.1
F35A5.3,Y69H2.3
F35A5.3,ZK1067.7
F35B12.3,R05F9.10
F35B12.3,Y53H1A.1
F35B12.5,T11B7.4
F35B12.6,Y40B10A.2
F35C8.2,Y57G11C.22
F35C8.3,F43G6.8
F35C8.3,H28G03.2
F35C8.3,Y51F10.2
F35D2.4,ZK849.2
F35D2.5,K09B11.9
F35D2.5,Y54E2A.3
F35D2.5,Y65B4BR.4
F35D2.5,ZC8.4
F35E2.2,T11B7.1
F35E8.12,T12E12.4
F35F10.12,K11D2.3
F35G12.1,Y40B10A.2
F35G12.1,Y65B4BR.4
F35G12.5,Y15E3A.1
F35G12.9,F35G2.2
F35G12.9,F56H11.1
F35G12.9,K06H7.6
F35G2.2,F35G2.2
F35G2.2,H14A12.2
F35H10.5,Y48E1C.1
F35H8.5,F46A9.6
F35H8.5,F46H5.7
F35H8.5,K09B11.9
F35H8.5,R02F2.5
F35H8.5,R06A4.4
F35H8.5,R74.5
F35H8.5,T01D1.2
F35H8.5,T21G5.5
F35H8.5,Y79H2A.1
F35H8.5,ZK1067.6
F36A2.1,T11B7.4
F36D1.1,T05H4.2
F36D1.1,Y54G9A.6
F36D1.1,ZK1055.7
F36D1.4,R02F2.5
F36D1.4,ZK121.2
F36D4.2,ZK1098.5
F36D4.3,Y37H9A.3
F36F12.6,F45D3.2
F36F12.8,ZK858.4
F36G3.1,T17H7.4
F36G3.2,Y37H2A.3
F37A4.5,R102.5
F37A4.6,W06F12.1
F37A4.9,K07C11.2
F37A4.9,T19B10.4
F37B1.2,K06A5.8
F37B1.4,K11E8.1
F37B1.4,M03F4.2
F37B1.4,Y105E8B.5
F37B1.4,Y55F3C.6
F37B1.4,ZC239.15
F37B1.8,F44G3.9
F37C4.5,K08D10.7
F37C4.5,K08D10.8
F37C4.5,T28A11.11
F37C4.5,Y50E8A.9
F37D6.1,R53.4
F37D6.1,T10B10.4
F37D6.1,Y39A1C.3
F37D6.2,K12C11.2
F38A5.7,F42G2.3
F38A5.7,F42G9.9
F38A6.1,K08F8.2
F38A6.1,M04G12.1
F38A6.1,R74.5
F38A6.1,T07D1.4
F38A6.1,T22A3.3
F38A6.1,W04D2.1
F38A6.1,Y44E3A.6
F38A6.1,Y79H2A.1
F38B2.1,F43C1.2
F38B2.1,F44B9.6
F38B2.1,T17H7.4
F38B2.1,Y79H2A.11
F38B2.1,ZK678.1
F38B7.3,Y53H1A.1
F38C2.5,Y57G11C.22
F38E1.7,R05F9.10
F38E11.5,F55C5.7
F38E9.1,R07E4.6
F38H12.3,K10C3.6
F38H12.3,Y69H2.3
F38H4.2,Y40B10A.2
F38H4.9,R06B10.4
F38H4.9,ZK849.2
F39B1.1,R02F2.5
F39B2.11,R05F9.10
F39B2.2,K08E3.5
F39B2.2,K12D12.5
F39B2.2,Y15E3A.1
F39B2.2,Y54G2A.31
F39B2.7,F39H2.4
F39C12.2,Y54G11A.10
F39G3.5,W09H1.6
F39H11.1,ZC513.6
F39H11.5,T10F2.4
F39H12.1,F44G3.9
F39H12.1,K08E7.2
F39H12.1,T17H7.4
F40A3.6,F54G8.4
F40A3.6,K09B11.9
F40A3.6,Y54E2A.3
F40C5.3,ZK849.2
F40D4.12,Y40B10A.2
F40F12.5,M03D4.1
F40F12.5,Y111B2A.24
F40F12.7,F57C12.2
F40F4.2,R05F9.10
F40F4.3,R05F9.10
F40F8.10,W09H1.6
F40F9.1,T10H9.3
F40F9.1,Y47D3B.7
F40F9.1,Y51H7BR.3
F40F9.1,Y71F9AL.7
F40F9.2,F45E6.2
F40H3.2,R05F9.10
F40H3.2,ZK637.5
F40H6.4,W10C8.2
F41B4.1,T11B7.4
F41B4.3,T04F8.6
F41C6.6,Y62E10A.16
F41E6.11,K08D10.7
F41F3.3,R05F9.10
F41G3.10,Y39B6A.1
F41G3.14,Y63D3A.4
F41G4.1,T04D1.3
F41G4.1,T18D3.7
F41H10.10,F57C9.5
F41H10.10,R07B7.2
F41H10.4,F44B9.6
F41H10.4,Y37D8A.9
F42A10.2,F43C1.2
F42A10.3,W02G9.2
F42A10.4,F49H12.6
F42A10.4,ZK813.2
F42A6.9,F46G10.1
F42A6.9,T11B7.1
F42A6.9,T17H7.4
F42A6.9,W06F12.1
F42A9.8,T26A5.8
F42C5.10,F43C1.2
F42C5.10,F55B12.3
F42C5.10,W09H1.6
F42C5.7,ZK1053.5
F42C5.7,ZK849.2
F42C5.9,F54G8.4
F42D1.2,F42D1.2
F42D1.2,Y71G12B.27
F42E11.4,R02F11.1
F42F12.4,F53E4.1
F42G10.2,T07A9.3
F42G10.2,W02G9.2
F42G10.2,Y5H2B.2
F42G8.10,ZK849.2
F42G9.6,Y43C5A.6
F42G9.7,T11B7.1
F42G9.9,T08G5.5
F42H10.5,F42H10.5
F42H10.5,F44G3.9
F42H10.5,K02E10.2
F42H10.6,F42H10.6
F42H10.6,W02G9.2
F42H10.7,F43C1.2
F42H10.7,H20J04.5
F42H10.7,K09B11.9
F42H10.7,T04D1.3
F42H10.7,T04H1.2
F42H10.7,W04D2.1
F42H10.7,W05H7.4
F42H10.7,Y57G11C.24
F42H10.7,ZK1098.4
F43C1.2,F47B10.2
F43C1.2,F54D5.5
F43C1.2,F54D5.7
F43C1.2,F59A2.1
F43C1.2,K04G2.10
F43C1.2,K04G7.1
F43C1.2,K06H6.1
F43C1.2,K11E8.1
F43C1.2,R02F2.5
F43C1.2,T01H8.1
F43C1.2,T02E1.3
F43C1.2,T05C12.6
F43C1.2,T08D10.1
F43C1.2,T22A3.3
F43C1.2,T23H4.2
F43C1.2,T27F2.1
F43C1.2,T27F2.2
F43C1.2,W02G9.2
F43C1.2,W05H7.4
F43C1.2,W10D9.3
F43C1.2,Y17G7B.4
F43C1.2,Y42H9AR.1
F43C1.2,Y54E10BL.6
F43C1.2,ZC477.9
F43C1.4,K10C3.6
F43D9.2,ZK858.4
F43D9.4,F43D9.4
F43D9.4,W02G9.2
F43G6.8,F46G11.1
F43G9.11,K09B11.9
F43G9.11,R05F9.10
F43G9.11,T27A3.1
F43G9.11,W02D3.9
F43G9.11,Y69H2.3
F43G9.11,ZK849.2
F43G9.2,ZK849.2
F43G9.5,F43G9.5
F43G9.5,W02G9.2
F43G9.5,Y42H9AR.1
F44A2.2,T01H8.2
F44A2.5,Y18D10A.8
F44A2.7,F54E7.7
F44A6.1,T28A8.7
F44A6.2,M163.1
F44B9.3,Y65B4BR.4
F44B9.6,F45G2.3
F44B9.6,F54D5.5
F44B9.6,H06I04.1
F44B9.6,K05B2.3
F44B9.6,K06A4.5
F44B9.6,K12G11.3
F44B9.6,M04G12.1
F44B9.6,R11A8.6
F44B9.6,R11E3.6
F44B9.6,T05B11.1
F44B9.6,T05C12.6
F44B9.6,T05E7.5
F44B9.6,T21B6.3
F44B9.6,T22H2.6
F44B9.6,T27C4.4
F44B9.6,W04D2.1
F44B9.6,W10G6.3
F44B9.6,Y54E2A.3
F44B9.6,Y57G11C.24
F44B9.6,Y69H2.3
F44B9.6,Y82E9BR.13
F44B9.6,ZK1127.4
F44B9.6,ZK930.3
F44B9.8,F58F6.4
F44C8.7,Y41E3.7
F44C8.9,Y69H2.3
F44D12.1,F44D12.1
F44D12.1,F59C12.3
F44D12.1,R11A5.2
F44D12.1,T04H1.2
F44D12.1,T11B7.4
F44D12.1,T17H7.4
F44D12.1,Y41C4A.14
F44D12.1,Y44F5A.1
F44D12.1,ZC123.4
F44E2.7,Y40B10A.2
F44F1.7,T22B7.1
F44F1.7,T22H2.5
F44F1.7,Y37D8A.21
F44G3.9,F44G3.9
F44G3.9,F49H12.3
F44G3.9,F53F1.5
F44G3.9,F54D10.7
F44G3.9,F56A3.4
F44G3.9,F59C12.3
F44G3.9,H02I12.5
F44G3.9,K08E3.7
F44G3.9,M03B6.1
F44G3.9,M04F3.1
F44G3.9,R11E3.7
F44G3.9,T04H1.2
F44G3.9,T05H4.14
F44G3.9,T06G6.3
F44G3.9,T10B11.3
F44G3.9,T11B7.4
F44G3.9,T22H2.5
F44G3.9,T27F2.3
F44G3.9,Y119C1A.1
F44G3.9,Y11D7A.12
F44G3.9,Y37H9A.1
F44G3.9,Y47D3A.15
F44G3.9,Y47G6A.15
F44G3.9,ZK112.2
F44G3.9,ZK849.2
F44G4.4,F44G4.4
F45B8.3,T01D1.6
F45C12.11,F45C12.11
F45C12.11,K05G3.3
F45C12.11,Y54E10A.2
F45C12.7,ZK20.3
F45D11.16,ZK1098.4
F45D11.16,ZK418.4
F45D3.2,F46G11.3
F45D3.2,M03F4.7
F45D3.2,R07B7.8
F45D3.2,W10C8.2
F45E6.2,T04H1.2
F45E6.4,R11F4.2
F45F2.11,ZC302.1
F45F2.9,F45F2.9
F45G2.10,Y18D10A.9
F45G2.4,Y71F9AL.17
F46A8.10,T22H2.5
F46A9.4,F54D5.9
F46A9.4,T05H4.2
F46A9.4,T10E9.1
F46A9.4,Y113G7B.5
F46A9.5,F46F11.6
F46A9.5,F54D5.9
F46A9.5,F55B12.3
F46A9.5,K04A8.6
F46A9.5,T05H4.2
F46A9.5,T10E9.1
F46A9.5,Y113G7B.1
F46A9.5,Y113G7B.5
F46A9.5,Y37H2C.3
F46A9.6,F46A9.6
F46A9.6,T21G5.5
F46A9.6,T22B2.4
F46C5.9,W02G9.2
F46C5.9,Y48G10A.2
F46E10.9,T03G11.6
F46E10.9,ZC455.3
F46F11.4,F52E1.7
F46F11.4,F59A2.1
F46F2.2,F46F2.2
F46F2.2,T04A11.6
F46F2.2,T06E4.3
F46F2.2,W03D2.4
F46F3.1,ZK121.2
F46F3.4,F56C9.1
F46F5.6,R05F9.10
F46G10.1,T04H1.2
F46G10.1,W05H7.4
F46G10.1,Y18D10A.8
F46G10.1,Y54H5A.3
F46G11.1,H06I04.1
F46G11.1,K09B11.9
F46G11.1,Y119C1A.1
F46G11.1,ZK1055.7
F46G11.1,ZK1098.10
F46H5.5,M04G12.1
F46H5.6,K09B11.9
F46H5.6,Y65B4BR.4
F46H5.6,ZK1053.5
F47B10.8,R05F9.10
F47B8.11,T11B7.1
F47B8.3,M03B6.1
F47B8.3,Y69H2.6
F47B8.3,Y71G10AL.1
F47B8.6,Y43C5A.6
F47D12.3,F47D12.3
F47D12.4,F52B10.1
F47D12.4,M151.7
F47D12.4,T03G11.1
F47D12.4,T19B10.7
F47D12.4,Y66D12A.5
F47F6.1,Y63D3A.4
F47F6.4,Y54E2A.3
F47G4.4,T01G9.5
F47G4.4,W10C6.1
F47G4.4,Y75B8A.1
F47G4.5,T01G9.5
F47G4.7,Y56A3A.13
F47G6.1,T04H1.2
F48A11.5,R02F2.5
F48D6.2,F58E10.5
F48F7.1,T06A10.3
F48F7.7,K02B7.2
F48F7.7,K04G2.10
F48F7.7,T21B6.3
F48F7.7,Y113G7B.23
F48F7.7,Y53F4B.11
F48F7.7,Y55F3C.6
F48G7.10,Y69H2.3
F48G7.10,ZK1053.5
F49A5.5,F54E7.7
F49B2.5,ZC239.15
F49C12.9,T05H10.5
F49E10.3,R05F9.10
F49E10.3,ZK637.5
F49E2.2,R07B1.4
F49E2.2,R09B5.5
F49E2.2,T11B7.4
F49E8.4,Y76A2B.5
F49E8.4,ZK1307.9
F49E8.5,W09C2.1
F49E8.6,Y65B4BR.4
F49E8.7,T01C8.1
F49E8.7,Y65B4BR.5
F49F1.9,R05F9.10
F49H12.3,R01H10.6
F49H12.3,R07G3.7
F52B10.1,T17H7.4
F52B11.2,Y40B10A.2
F52C6.2,K09B11.9
F52C6.2,R09B5.5
F52C6.2,T04H1.2
F52C6.2,T11B7.4
F52C6.2,Y40B1B.6
F52C6.2,ZK632.12
F52C6.2,ZK849.2
F52C6.3,F52C6.3
F52C6.3,H04J21.3
F52C6.3,T05H4.14
F52C6.3,T07G12.11
F52C6.3,T28A11.11
F52C9.7,T11B7.1
F52D10.3,F53C11.5
F52D10.3,K09B11.9
F52D10.3,R05F9.1
F52D10.3,W03G9.2
F52D2.4,K09B11.9
F52D2.4,Y57A10B.6
F52D2.4,ZK1248.11
F52E1.7,F52E1.7
F52E1.7,F54D5.9
F52E1.7,H36L18.2
F52E1.7,K02B2.5
F52E1.7,R05D3.6
F52E1.7,T02H6.11
F52E1.7,T05H4.12
F52E1.7,W02G9.2
F52E1.7,W07B3.2
F52E1.7,Y23H5A.5
F52E1.7,Y37D8A.11
F52E1.7,Y47G6A.25
F52E1.7,Y51A2D.9
F52E1.7,Y53G8AR.9
F52E1.7,Y71H2B.6
F52E1.7,ZC395.7
F52E1.7,ZC97.1
F52E4.1,K08F11.3
F52E4.1,M18.5
F52E4.1,Y76A2B.5
F52E4.7,F57B10.4
F52E4.7,Y37A1B.1
F52H2.5,F54G8.4
F52H2.5,F58E6.3
F52H2.5,K01D12.13
F52H3.4,T04H1.2
F53A2.3,K12C11.2
F53A2.6,Y18D10A.8
F53A2.6,ZK381.4
F53A9.6,K08E7.5
F53A9.6,W03G1.6
F53A9.6,Y39E4B.2
F53A9.6,Y47D3B.9
F53A9.6,Y69H2.3
F53A9.6,ZK1053.5
F53A9.6,ZK1225.6
F53B1.3,T17H7.4
F53B3.1,T04H1.2
F53B3.1,T26E3.3
F53B3.1,W06F12.1
F53B3.3,T11B7.4
F53B3.3,T12F5.5
F53B3.6,T11B7.4
F53C11.5,M117.2
F53C11.5,R02F2.5
F53C11.5,T11B7.1
F53C11.5,T17H7.4
F53E10.6,K09H9.6
F53F10.2,K07C11.1
F53F10.5,W06D4.6
F53F10.5,W07B8.5
F53F4.13,ZK637.5
F53G12.4,T04H1.2
F53G2.6,K01G5.4
F54A3.5,Y40B10A.2
F54A5.3,K08A8.1
F54B11.3,T11B7.4
F54B11.3,W09H1.6
F54B11.6,Y53F4B.33
F54B11.7,R09B5.5
F54B11.7,T04H1.6
F54B11.7,Y69H2.3
F54B11.7,ZK849.2
F54C1.7,K01A6.4
F54C9.11,M01F1.8
F54C9.11,T04H1.2
F54C9.11,T05H4.14
F54C9.3,ZK849.2
F54D10.3,K12B6.8
F54D10.3,M04B2.1
F54D10.3,T26E3.2
F54D10.7,F54D10.7
F54D10.7,F59C12.3
F54D10.7,K10C3.6
F54D10.7,R09B3.3
F54D10.7,T01B7.5
F54D10.7,T04H1.2
F54D10.7,T05H4.14
F54D10.7,T11B7.1
F54D10.7,Y47G6A.14
F54D11.2,ZK863.6
F54D11.3,Y40B10A.2
F54D11.4,Y37D8A.9
F54D5.15,T11B7.1
F54D5.15,T17H7.4
F54D5.15,W04D2.1
F54D5.5,T17H7.4
F54E12.2,T01G9.4
F54E12.3,Y40B10A.2
F54E7.3,T11B7.4
F54E7.8,Y106G6H.15
F54F2.5,M18.5
F54F2.5,T11B7.4
F54F2.5,Y76A2B.5
F54F2.8,Y39E4B.12
F54G8.4,K09B11.9
F54G8.4,R01E6.5
F54G8.4,T11B7.1
F54G8.4,Y105E8B.1
F54G8.4,Y54E10A.5
F54G8.4,Y54E2A.3
F55A11.3,K07D4.3
F55A11.3,K08D10.7
F55A11.3,T19C3.8
F55A11.3,T27F2.3
F55A11.3,Y119C1B.8
F55A12.5,K09H11.1
F55B11.1,Y47G6A.8
F55B12.3,K06A1.4
F55B12.3,R04B5.4
F55B12.3,R107.8
F55B12.3,R10D12.14
F55C10.4,W09C2.1
F55C12.1,F56B3.10
F55C5.1,ZK945.6
F55C9.10,R166.1
F55F3.1,T01C8.1
F55F8.4,W08E12.3
F55G1.8,W09H1.6
F55G1.9,K08F4.9
F55G11.2,R05F9.10
F55H12.6,R01H10.6
F55H12.6,Y15E3A.1
F55H12.6,Y18D10A.5
F55H2.7,H06I04.1
F55H2.7,K09B11.9
F55H2.7,T11B7.1
F56A11.5,K09B11.9
F56A12.1,W03D8.8
F56A6.4,K12C11.2
F56A8.6,W05H7.4
F56B6.4,Y46G5A.31
F56C9.1,H18N23.2
F56C9.1,R05F9.1
F56C9.1,Y32H12A.4
F56C9.10,T01G9.2
F56D12.5,H26D21.1
F56D12.6,F56D12.6
F56D2.2,R01H2.6
F56E3.3,T11B7.1
F56F11.2,Y40B10A.2
F56G4.5,ZK1053.3
F56H11.1,ZK418.4
F56H11.1,ZK849.2
F56H6.5,F56H6.5
F57A10.4,T23F11.4
F57B10.11,Y43F8B.2
F57B10.11,Y94H6A.9
F57B10.12,R02F2.5
F57B10.12,T01G9.5
F57B10.12,W10C6.1
F57B10.12,ZC328.4
F57B9.1,Y113G7B.23
F57B9.7,T17H7.4
F57C12.2,Y71H2B.6
F57C2.6,T26A5.9
F57C9.4,F57C9.4
F57C9.4,K12C11.2
F57C9.4,M04G12.1
F57C9.4,T04H1.2
F57F5.1,R09B3.1
F57F5.1,T04H1.2
F57F5.4,K12C11.2
F57G12.2,R09B5.5
F57G12.2,T11B7.4
F57G12.2,VW02B12L.3
F57G12.2,ZK849.2
F58A3.1,Y65B4BR.4
F58A4.4,Y106G6H.2
F58B4.5,T05D4.1
F58E10.5,K08B5.2
F58E10.5,K08F8.4
F58E10.5,T21H8.5
F58E10.5,T27A8.2
F58E10.5,Y69H2.3
F58E10.5,ZK849.2
F58E6.10,T01C8.1
F58G1.1,T03F6.1
F58G1.3,R12B2.1
F58G11.3,W09C2.1
F58H1.7,R05F9.10
F59A2.1,F59A2.1
F59A2.1,K01G5.4
F59A2.1,W03D8.8
F59A2.1,Y53C10A.2
F59A2.3,T22H2.5
F59A2.3,Y48G1C.1
F59A2.3,ZK418.4
F59A2.4,R07E5.1
F59A2.5,R07E5.8
F59A3.3,T11B7.4
F59A3.3,ZK899.5
F59A6.2,T24H7.4
F59A6.2,W01G7.3
F59B1.2,F59E12.10
F59B2.3,T03F6.3
F59B2.9,Y57G11C.22
F59B8.1,T04H1.2
F59C12.2,Y48E1B.10
F59C12.3,T17H7.4
F59C12.3,Y54E10BR.2
F59C12.3,ZK669.5
F59C6.5,T04H1.2
F59C6.5,W09H1.6
F59C6.5,ZK849.2
F59D12.2,Y37H9A.3
F59E12.10,K08E7.2
F59E12.10,R06C1.3
F59E12.10,Y48E1B.1
F59E12.10,Y54E2A.3
F59E12.9,K09B11.9
F59E12.9,R02F2.5
F59E12.9,T11B7.4
F59E12.9,T21G5.5
F59E12.9,W05H7.4
F59E12.9,Y49E10.14
F59E12.9,Y53H1A.1
F59E12.9,Y65B4BR.4
F59E12.9,ZK121.2
F59F4.2,R02F2.5
F59F5.6,T17H7.4
H02I12.5,T05H4.14
H02I12.5,Y41C4A.14
H02I12.5,Y75B8A.17
H02I12.5,ZK131.11
H04J21.3,R06F6.12
H05C05.2,ZK546.11
H06I04.1,K11D2.3
H06I04.1,R11E3.6
H06I04.1,T04F8.6
H06I04.1,T17H7.4
H06I04.1,T26E3.3
H06I04.1,Y38H6C.14
H06I04.1,Y39B6A.11
H06I04.1,Y45F10D.9
H06I04.1,Y79H2A.11
H06I04.1,ZK849.2
H06I04.4,Y105E8A.11
H08M01.1,R02F2.5
H09G03.2,ZK792.6
H10D18.4,R05F9.10
H12C20.2,T28A8.7
H12D21.3,R05F9.10
H20J04.5,R151.9
H20J04.5,Y53F4B.22
H24G06.1,W04D2.1
H26D21.1,K12H4.1
H26D21.1,R06C1.1
H26D21.1,Y41C4A.14
H26D21.2,Y47G6A.11
H28G03.2,K09B11.9
H28G03.2,Y63D3A.4
H34I24.2,R05F9.10
K01A2.10,T04H1.2
K01A2.10,T11B7.4
K01A2.10,Y62F5A.1
K01A2.10,ZK20.5
K01A6.2,T11B7.4
K01A6.2,Y38F2AL.2
K01A6.4,R05F9.10
K01A6.4,R144.9
K01A6.4,Y53H1A.1
K01A6.4,ZK637.5
K01C8.1,K01C8.1
K01C8.10,Y39A1A.3
K01C8.5,T04H1.2
K01D12.4,T21B6.3
K01G5.1,T08E11.4
K01G5.4,T24F1.2
K01G5.4,W02G9.2
K01G5.4,Y38A10A.5
K01G5.4,Y71F9AL.13
K01G5.5,ZK1053.5
K01G5.7,W06F12.1
K02B12.4,T07D4.2
K02B12.4,Y18D10A.5
K02B12.4,ZK849.2
K02B7.2,T04H1.2
K02B7.3,W06A7.3
K02B7.3,Y38C1AA.7
K02B9.2,T12F5.5
K02B9.2,T17H7.4
K02B9.2,W03D8.8
K02B9.2,Y56A3A.1
K02E10.2,Y55F3C.6
K02E10.2,Y65B4BR.4
K02E2.7,K12B6.4
K02E2.7,R01H2.1
K03A11.2,T11B7.1
K03B4.7,R05F9.10
K03D10.3,ZK899.6
K03E6.4,Y38F2AL.2
K03H1.1,K04H4.5
K03H1.10,W03D2.4
K04C2.4,K12C11.2
K04C2.4,Y54E2A.3
K04D7.1,W02D3.8
K04D7.5,ZK973.9
K04F10.2,Y51H4A.3
K04F10.4,Y39E4A.2
K04G2.10,R08D7.3
K04G2.10,Y38H6C.14
K04G2.10,ZK418.4
K04G7.1,T24C4.7
K04G7.10,ZK675.2
K04H4.1,T11B7.4
K04H4.2,R05F9.10
K04H4.2,T02E1.3
K04H4.2,Y17G7B.14
K04H4.2,Y79H2A.11
K05C4.1,W04D2.1
K05G3.3,R07E5.8
K06A1.4,K10C3.6
K06A1.4,PAR2.1
K06A4.5,Y41C4A.14
K06A5.2,T09B4.2
K07A1.1,T05G5.10
K07A1.12,M03C11.4
K07A1.12,T27C4.4
K07A1.12,ZK418.4
K07A3.1,K07A3.1
K07A3.1,ZK909.4
K07C11.1,K09B11.9
K07C11.2,R05F9.1
K07C11.2,W02G9.2
K07C11.2,Y39G10AR.12
K07C11.9,R02D3.2
K07C11.9,T24H7.4
K07D4.3,R12E2.3
K07D4.7,T11B7.4
K07D4.7,Y59A8B.7
K07D8.1,Y39E4A.2
K07E3.3,Y41C4A.14
K07F5.13,Y37D8A.9
K08A8.1,W02G9.2
K08B4.6,R05F9.10
K08D10.7,R02F2.5
K08D10.7,Y79H2A.1
K08D10.7,ZK1055.7
K08D10.8,R02F2.5
K08E3.5,K08E3.5
K08E3.6,Y37D8A.9
K08E3.6,Y39A1A.23
K08E3.7,Y39B6A.1
K08E3.8,T18H9.6
K08E7.2,T09A5.2
K08E7.5,T04H1.6
K08E7.5,Y39E4A.2
K08E7.5,Y69H2.3
K08E7.5,ZK1053.5
K08F11.3,W07B8.5
K08F11.3,Y40B10A.2
K08F11.3,Y54E5A.4
K08F11.3,Y55F3AM.15
K08F11.3,Y59A8A.3
K08F8.2,M04G12.1
K08F8.2,T01G9.6
K08F8.2,T04H1.2
K08F8.2,T11B7.1
K08F8.2,Y49A3A.3
K08F8.2,ZK909.4
K08F8.4,T11B7.2
K08F8.4,T26C11.5
K08F8.4,Y38H6C.14
K08F8.4,Y53H1A.1
K08F8.4,ZC196.6
K08F8.4,ZK682.7
K08H10.9,ZK1098.5
K08H2.1,Y41C4A.12
K08H2.8,Y40B10A.2
K08H2.8,Y77E11A.2
K09B11.1,Y75B8A.1
K09B11.9,K09B11.9
K09B11.9,K12F2.2
K09B11.9,R08D7.3
K09B11.9,T01B6.1
K09B11.9,T09A5.12
K09B11.9,T17H7.4
K09B11.9,T22A3.3
K09B11.9,T23G7.1
K09B11.9,W05H7.4
K09B11.9,Y106G6D.7
K09B11.9,Y37A1B.1
K09B11.9,Y37D8A.21
K09B11.9,Y38H6C.14
K09B11.9,Y39A1A.15
K09B11.9,Y43F8C.6
K09B11.9,Y53H1A.1
K09B11.9,Y54H5A.3
K09B11.9,Y56A3A.4
K09B11.9,Y57A10A.18
K09B11.9,Y63D3A.5
K09B11.9,Y71G12B.9
K09B11.9,ZK1073.2
K09B11.9,ZK512.5
K09E4.1,Y75B12B.5
K09E4.1,ZK520.5
K10B3.7,K10B3.8
K10C3.5,T11B7.1
K10C3.6,K11E4.5
K10C3.6,T09A12.4
K10C3.6,T26H2.9
K10C3.6,Y38E10A.18
K10C3.6,Y5H2B.2
K10C3.6,ZK1037.5
K10C3.6,ZK697.2
K10D3.2,Y59A8B.7
K10D3.2,Y60A3A.1
K10G6.1,Y82E9BR.13
K10H10.2,T05G5.10
K11D12.9,M03D4.1
K11D2.2,T08G5.5
K11D2.3,R03C1.1
K11D2.3,T05C12.6
K11D2.3,Y71H2B.10
K11D9.1,M04G12.1
K11D9.1,T01G1.1
K11D9.1,T11B7.4
K11D9.1,W10D9.4
K11D9.1,Y37E11AR.2
K11D9.2,R03A10.1
K11E8.1,K11E8.1
K11E8.1,T01B11.3
K11E8.1,T15B12.1
K11E8.1,Y23H5A.5
K12C11.2,K12C11.2
K12C11.2,T26A5.9
K12C11.2,W04D2.1
K12C11.2,W10D5.3
K12C11.2,Y105C5A.1
K12C11.2,Y113G7B.23
K12C11.2,Y55F3C.6
K12C11.2,Y57A10A.8
K12C11.2,ZK858.4
K12D12.1,T04A11.6
K12F2.1,T17H7.4
K12F2.2,Y54E2A.3
K12F2.2,Y59A8B.7
K12G11.3,K12G11.3
K12G11.3,R07E4.6
K12H4.4,Y40B10A.2
K12H6.7,Y37E3.11
M01B2.2,T11B7.1
M01E11.6,Y59A8B.7
M01E11.7,R09B5.5
M01E11.7,T11B7.4
M01E11.7,T17H7.4
M01E11.7,W04D2.1
M01E5.2,R06F6.12
M01E5.4,R07H5.1
M01F1.4,Y23H5A.4
M01F1.8,Y69H2.3
M01H9.2,R05F9.10
M02A10.1,ZK849.2
M02A10.3,Y105E8B.5
M02A10.3,Y45F10D.13
M02A10.3,Y65B4BR.4
M02D8.1,T28A11.11
M02D8.4,Y49F6C.3
M02F4.3,W08G11.3
M02G9.1,R09B5.5
M02G9.1,T01D1.6
M02G9.1,T23F1.6
M03E7.1,ZK945.6
M03F4.7,R05F9.10
M04B2.3,T07G12.6
M04B2.3,Y105E8A.17
M04B2.3,Y39B6A.11
M04B2.3,Y54E2A.3
M04D8.7,Y40B10A.2
M04F3.1,T20G5.1
M04F3.1,Y62E10A.8
M04G12.1,M04G12.1
M04G12.1,T01G6.10
M04G12.1,T01G9.6
M04G12.1,T04H1.2
M04G12.1,T21B10.2
M04G12.1,T22B7.1
M04G12.1,T23H4.2
M04G12.1,W08E3.2
M04G12.1,Y15E3A.1
M04G12.1,Y37H2A.1
M04G12.1,Y69A2AR.2
M04G12.1,Y71F9B.4
M04G12.1,ZK849.2
M05D6.2,Y13C8A.1
M110.5,ZK1248.3
M117.2,T12B5.6
M117.2,W03G9.2
M142.6,T21G5.5
M153.1,M153.1
M163.1,ZK678.5
M176.2,Y48E1B.10
M18.5,R11D1.1
M7.5,T24D1.3
M7.5,Y55F3AM.4
PAR2.1,T28C6.7
PAR2.1,W08G11.3
R01E6.5,W05H7.4
R01E6.5,Y61A9LA.3
R01H10.5,Y39B6A.40
R01H10.5,ZK673.7
R01H2.4,Y40B10A.2
R01H2.6,Y65B4BR.4
R01H2.6,Y73F8A.34
R02D3.5,Y48E1B.3
R02D5.1,R02F2.5
R02D5.1,T21G5.5
R02D5.1,W06F12.1
R02F11.1,R05F9.10
R02F11.1,W03F8.1
R02F11.1,Y39B6A.1
R02F11.1,ZK721.2
R02F2.5,R10E12.1
R02F2.5,R74.5
R02F2.5,T05G5.2
R02F2.5,T11A5.6
R02F2.5,T14G12.4
R02F2.5,T22B2.4
R02F2.5,T23G4.1
R02F2.5,T26A8.4
R02F2.5,W01A11.4
R02F2.5,W10C8.2
R02F2.5,W10D5.3
R02F2.5,Y105C5B.14
R02F2.5,Y18D10A.8
R02F2.5,Y24D9B.1
R02F2.5,Y50E8A.9
R02F2.5,Y63D3A.4
R02F2.5,Y80D3A.3
R02F2.5,ZC317.7
R02F2.5,ZK1067.6
R02F2.5,ZK121.2
R02F2.5,ZK666.2
R02F2.5,ZK858.4
R02F2.5,ZK863.7
R02F2.5,ZK973.9
R02F2.6,T11B7.1
R03C1.3,Y40B10A.2
R03D7.1,Y76A2B.5
R03E1.2,Y39H10A.7
R03G5.1,W03F9.1
R03G5.2,T23H2.2
R03G5.2,ZK1098.4
R04A9.2,ZK112.2
R04A9.4,Y18D10A.8
R04B3.2,T11B7.1
R04B5.5,R04B5.5
R04B5.5,R04B5.6
R05A10.2,R05F9.10
R05D3.4,Y37D8A.9
R05D3.8,Y40B10A.2
R05D8.7,R05D8.7
R05D8.8,R05D8.8
R05F9.1,R05F9.1
R05F9.1,R13F6.9
R05F9.1,T05H4.14
R05F9.1,W05H7.4
R05F9.1,ZC455.1
R05F9.1,ZK418.4
R05F9.1,ZK849.2
R05F9.10,R05F9.10
R05F9.10,R06C7.4
R05F9.10,R06F6.11
R05F9.10,R09B5.5
R05F9.10,R11G11.6
R05F9.10,R11G11.7
R05F9.10,R13A1.5
R05F9.10,T01D1.6
R05F9.10,T03D8.3
R05F9.10,T03F7.5
R05F9.10,T05E11.3
R05F9.10,T05E11.8
R05F9.10,T20D4.5
R05F9.10,T23F1.6
R05F9.10,T23G4.5
R05F9.10,T26E3.1
R05F9.10,W03C9.1
R05F9.10,W08E12.3
R05F9.10,W08E12.4
R05F9.10,W09G12.6
R05F9.10,Y113G7A.14
R05F9.10,Y22F5A.5
R05F9.10,Y37D8A.19
R05F9.10,Y38F1A.2
R05F9.10,Y38H6C.8
R05F9.10,Y39B6A.20
R05F9.10,Y39E4B.12
R05F9.10,Y43F8A.2
R05F9.10,Y47D3B.2
R05F9.10,Y47D7A.12
R05F9.10,Y52B11A.8
R05F9.10,Y56A3A.21
R05F9.10,Y62E10A.13
R05F9.10,Y62H9A.6
R05F9.10,Y65B4BR.4
R05F9.10,Y68A4A.10
R05F9.10,Y80D3A.10
R05F9.10,ZK1058.4
R05F9.10,ZK1320.10
R05F9.10,ZK488.10
R05F9.10,ZK970.7
R05H5.3,Y11D7A.12
R06A4.4,T28C12.4
R06A4.4,W02D3.11
R06B10.4,T08G5.5
R06B10.4,T20G5.1
R06B10.4,Y59A8B.22
R06B9.1,T04C10.2
R06C1.3,T24H7.4
R06C1.3,VF39H2L.1
R06C1.3,Y37D8A.1
R06C1.3,Y40B1B.6
R06C7.5,R06C7.5
R06C7.8,Y54G9A.6
R06F6.12,T28A11.11
R06F6.12,Y71G12B.27
R06F6.12,Y79H2A.11
R06F6.4,ZK673.3
R06F6.8,ZK678.1
R07B1.4,Y42H9AR.1
R07B7.15,Y69H2.3
R07B7.2,T26A5.9
R07B7.3,T20G5.11
R07E4.6,Y102A11A.2
R07E4.6,Y102A11A.3
R07E4.6,Y69H2.7
R07E4.6,ZK662.3
R07E5.14,R09B3.5
R07E5.3,Y113G7B.23
R07E5.7,T01H3.1
R07E5.8,Y47D3A.4
R07H5.1,W04E12.2
R07H5.1,Y62H9A.5
R07H5.1,ZK1010.1
R08D7.3,T11B7.4
R08D7.3,Y82E9BR.13
R08D7.3,ZK930.3
R08E3.4,ZK370.2
R08E3.4,ZK858.4
R09B3.3,Y40B10A.2
R09B5.5,R09B5.5
R09B5.5,R09F10.2
R09B5.5,T05E11.1
R09B5.5,T07E3.5
R09B5.5,T11B7.1
R09B5.5,W02G9.2
R09B5.5,W09H1.6
R09B5.5,Y22F5A.4
R09B5.5,Y39B6A.1
R09B5.5,Y41C4A.14
R09B5.5,Y43F8C.14
R09B5.5,Y53C12B.3
R09B5.5,ZK512.5
R09B5.5,ZK637.5
R09B5.5,ZK792.4
R09B5.6,W02G9.2
R09B5.6,ZK1307.8
R09H10.3,R09H10.3
R09H10.3,T11B7.1
R09H10.3,Y57G11C.24
R102.5,ZK1098.5
R107.4,W09H1.6
R107.7,T28A11.11
R10D12.14,T26A5.9
R119.1,W02D3.8
R119.2,Y37H9A.3
R119.4,ZK1128.2
R119.7,ZC308.1
R11A5.2,ZK1055.1
R11A5.2,ZK858.4
R11A8.2,T11B7.1
R11E3.6,T17H7.4
R11E3.6,ZK1053.5
R11E3.6,ZK121.2
R11E3.6,ZK849.2
R11E3.7,W05H7.4
R11E3.7,Y25C1A.6
R11E3.7,ZC395.8
R11E3.8,Y46G5A.12
R11F4.2,Y38F1A.5
R11G11.6,T17H7.4
R12A1.2,ZK1055.7
R12B2.1,R74.5
R12B2.1,Y46C8AL.1
R12B2.1,Y48E1B.3
R12B2.1,Y79H2A.1
R12B2.4,W01B6.9
R12B2.5,ZK858.4
R12E2.11,R12E2.11
R12E2.11,W09C2.1
R12E2.3,T06D8.8
R12E2.3,W06D4.6
R12H7.5,T10E9.1
R12H7.5,Y113G7B.1
R13A5.10,R13A5.10
R13F6.1,T25C8.2
R13F6.9,W02G9.2
R13F6.9,Y41D4B.19
R13F6.9,ZK1055.7
R144.10,Y15E3A.1
R144.2,Y57A10A.9
R144.9,ZK970.3
R148.3,T17H7.4
R148.5,Y59E9AR.5
R148.6,T04D3.1
R151.2,R151.2
R151.2,W04G3.5
R151.2,Y48G1C.1
R166.1,W03C9.4
R166.1,ZK1127.9
R166.2,T07C4.1
R186.4,ZK945.2
R186.5,Y18D10A.8
R31.1,W09H1.6
R53.5,W02G9.2
R53.5,Y69H2.3
R74.5,T21G5.5
R74.5,T22B2.4
T01B7.3,ZK849.2
T01B7.5,Y55F3C.6
T01B7.5,Y75B8A.7
T01B7.8,T21B6.3
T01B7.8,Y39B6A.1
T01C3.2,Y53H1A.1
T01C3.3,Y41C4A.14
T01C3.9,T19E10.1
T01C8.1,Y47D3A.15
T01C8.1,Y65B4BR.5
T01D1.2,T21G5.5
T01D1.2,T22B2.4
T01D1.6,T01D1.6
T01D1.6,T02E1.3
T01D1.6,T23F1.6
T01D1.6,Y22F5A.4
T01D1.6,Y37D8A.21
T01D1.6,Y39B6A.1
T01D1.6,Y77E11A.15
T01D1.6,Y79H2A.11
T01G9.2,ZK1098.4
T01G9.5,T01G9.5
T01G9.5,ZK858.4
T01G9.6,T01G9.6
T01G9.6,T17H7.4
T01G9.6,Y40B10A.2
T01G9.6,Y80D3A.3
T02E1.3,W03F9.2
T02E1.3,W06F12.1
T02E9.2,T04H1.2
T03E6.7,ZK849.2
T03F6.1,T03F6.1
T04A11.6,T06E4.3
T04A11.6,W03D2.3
T04A8.16,Y55F3BR.6
T04C10.1,W04D2.1
T04C12.6,T04C12.6
T04C12.6,T25C8.2
T04C12.6,W06F12.1
T04D1.3,Y55F3AM.10
T04D3.1,T05H4.14
T04D3.1,ZC123.4
T04F8.6,T04F8.6
T04H1.2,T04H1.2
T04H1.2,T05C12.6
T04H1.2,T09A5.12
T04H1.2,T11B7.1
T04H1.2,T16H12.4
T04H1.2,T22A3.3
T04H1.2,T23B12.2
T04H1.2,W03F9.10
T04H1.2,W04A8.6
T04H1.2,Y39B6A.1
T04H1.2,Y40C5A.1
T04H1.2,Y42G9A.1
T04H1.2,Y43F11A.3
T04H1.2,Y43H11AL.1
T04H1.2,Y46G5A.20
T04H1.2,ZC239.15
T04H1.2,ZC395.8
T04H1.2,ZC504.4
T04H1.2,ZK1067.3
T04H1.2,ZK1098.4
T04H1.2,ZK1240.9
T04H1.2,ZK930.3
T04H1.4,ZC302.1
T04H1.6,Y39B6A.1
T04H1.6,Y69A2AR.18
T04H1.9,Y40B10A.2
T05A10.6,W09C2.1
T05A7.3,ZK1055.7
T05B11.3,ZK849.2
T05B4.3,Y2H9A.1
T05B9.1,T05B9.1
T05C12.6,T11B7.4
T05C12.6,T17H7.4
T05C12.6,Y79H2A.11
T05C12.7,Y41C4A.14
T05D4.1,T05D4.1
T05E7.5,ZK678.1
T05F1.4,T17H7.4
T05G5.10,Y17G7B.4
T05G5.10,ZK1225.6
T05G5.6,Y55F3AM.10
T05G5.6,Y69A2AR.30
T05G5.6,ZK1098.5
T05H4.14,T08G5.5
T05H4.14,Y59A8B.10
T05H4.14,Y66D12A.16
T05H4.2,W07B3.2
T06C12.14,T11B7.1
T06C12.6,Y40B10A.2
T06C12.7,Y69H2.3
T06D8.3,Y37H9A.3
T06E4.3,W03D2.3
T06E4.6,W03D2.4
T06E4.6,W08F4.8
T07C12.7,W09C2.1
T07C4.1,T12D8.7
T07C4.1,W09D10.3
T07C4.10,T26A5.9
T07C4.3,W09H1.6
T07C4.3,ZK892.1
T07C4.9,ZK1055.7
T07D4.2,T18D3.7
T07D4.2,T24H7.4
T07D4.2,ZC455.1
T07E3.5,T11B7.4
T07E3.5,Y43C5A.6
T07F8.3,T11B7.4
T07F8.4,ZK945.2
T07G12.10,ZK849.2
T07G12.11,ZK863.6
T07G12.6,ZK863.6
T08E11.4,W04D2.1
T08E11.8,ZK652.6
T08G11.4,Y39A1A.3
T08G11.4,ZK849.2
T09A5.12,T11B7.4
T09A5.12,Y57G11C.24
T09A5.2,T28C12.4
T09A5.2,Y15E3A.1
T09B4.2,T09B4.2
T09E8.2,T12B3.1
T09F3.1,W06F12.1
T10C6.5,Y55F3AM.13
T10F2.4,Y40B10A.2
T11B7.1,T12F5.1
T11B7.1,T23F1.6
T11B7.1,W01A8.1
T11B7.1,Y49E10.1
T11B7.1,Y49F6B.4
T11B7.1,Y55B1BR.2
T11B7.1,Y59A8B.10
T11B7.1,ZK121.2
T11B7.2,Y69H2.3
T11B7.2,ZK1053.5
T11B7.4,T11B7.4
T11B7.4,T13C5.4
T11B7.4,T17H7.4
T11B7.4,T22A3.3
T11B7.4,T27F2.2
T11B7.4,W02D3.11
T11B7.4,W03F11.6
T11B7.4,W04D2.1
T11B7.4,W05H7.4
T11B7.4,W07B8.3
T11B7.4,Y116A8C.26
T11B7.4,Y43F8C.14
T11B7.4,Y45F10B.13
T11B7.4,Y51H4A.17
T11B7.4,Y53C12B.3
T11B7.4,Y54E10BL.6
T11B7.4,Y57G11C.24
T11B7.4,Y63D3A.4
T11B7.4,ZC247.1
T11B7.4,ZK112.2
T11B7.4,ZK121.2
T11B7.4,ZK1307.9
T11B7.4,ZK287.6
T11B7.4,ZK512.5
T11B7.4,ZK678.1
T11B7.4,ZK863.7
T12B5.6,Y113G7B.23
T12B5.6,Y7A5A.3
T12D8.7,Y119C1A.1
T12D8.7,Y46G5A.31
T12D8.9,Y69H2.3
T12E12.4,T12E12.4
T12F5.5,Y65B4BR.4
T12G3.1,T18D3.7
T12G3.1,Y18D10A.5
T12G3.1,Y41C4A.14
T13A10.2,Y69H2.3
T13F2.3,W02D3.9
T13F2.8,Y56A3A.1
T13H5.4,W07E6.4
T14B4.6,ZK637.5
T14D7.3,Y41E3.7
T14D7.3,ZK849.2
T14F9.4,W06F12.1
T14G12.4,Y75B8A.1
T14G8.2,Y52E8A.2
T15B7.4,Y69H2.3
T17H7.4,T28C6.7
T17H7.4,W02D3.11
T17H7.4,W04D2.1
T17H7.4,W05H7.4
T17H7.4,W06F12.1
T17H7.4,W10G6.3
T17H7.4,Y119C1A.1
T17H7.4,Y39B6A.11
T17H7.4,Y40C5A.1
T17H7.4,Y42G9A.1
T17H7.4,Y44E3A.6
T17H7.4,Y45F10D.13
T17H7.4,Y46G5A.31
T17H7.4,Y53H1A.1
T17H7.4,Y54E2A.3
T17H7.4,Y57G11C.24
T17H7.4,Y71H2AM.15
T17H7.4,Y73B6BL.33
T17H7.4,Y77E11A.7
T17H7.4,Y79H2A.11
T17H7.4,Y82E9BR.13
T17H7.4,ZC8.4
T17H7.4,ZK1240.2
T17H7.4,ZK1248.10
T17H7.4,ZK849.2
T17H7.4,ZK930.3
T18D3.7,T18D3.7
T18D3.7,T22D1.12
T18D3.7,T24H5.1
T18D3.7,W07E6.4
T18D3.7,Y39C12A.9
T18D3.7,Y48A6B.4
T18D3.7,Y54E5A.1
T19B10.4,T20G5.11
T19B4.5,T19B4.5
T19B4.5,T22A3.4
T19B4.5,Y41E3.7
T19C3.8,W03F11.1
T19C3.8,W07E6.4
T19C3.8,W09D6.5
T20B12.2,Y69A2AR.30
T20B12.7,Y40B10A.2
T20B5.2,T21C9.4
T20G5.11,T20G5.11
T20H4.4,VW02B12L.4
T21B10.7,Y39A1A.3
T21B4.15,W06F12.1
T21B6.3,T22H2.5
T21B6.3,Y17G7B.14
T21B6.3,Y65B4A.7
T21B6.3,Y79H2A.11
T21C9.4,T21C9.4
T21D12.11,Y69H2.3
T21G5.5,T21G5.5
T21G5.5,T22B2.4
T21G5.5,Y18D10A.8
T21G5.5,Y54H5A.3
T21G5.5,ZK1067.6
T22A3.3,W03D8.8
T22A3.3,Y65B4A.7
T22A3.3,ZK849.2
T22A3.4,Y57A10A.8
T22B2.4,W02A11.3
T22C8.3,Y49E10.23
T22C8.3,ZK909.4
T22C8.5,W02D3.9
T22D2.1,ZK849.2
T22G5.2,W02G9.2
T22H2.5,T23F1.6
T22H2.5,W02D3.5
T22H2.5,Y17G7B.14
T22H2.5,ZK1067.7
T23B12.1,Y54E2A.3
T23F1.6,W02A2.3
T23F1.6,W03G1.5
T23F1.6,Y39B6A.1
T23F1.6,Y69H2.3
T23F1.6,ZK1067.7
T23F11.3,T27E9.3
T23F11.4,T26A5.9
T23F2.5,ZK1053.5
T23G7.1,Y48C3A.17
T23G7.1,Y49E10.14
T23G7.1,ZK637.11
T23H4.2,T23H4.2
T24D5.3,ZK632.1
T24E12.4,Y40B10A.2
T24F1.1,Y24F12A.2
T24F1.2,ZK858.4
T24H10.3,Y49E10.6
T24H7.3,Y110A7A.6
T24H7.3,Y18D10A.5
T24H7.4,T24H7.4
T25C8.2,Y37D8A.10
T25C8.2,Y41C4A.10
T25E12.5,Y46G5A.31
T26A5.7,W03D2.4
T26A5.8,Y53F4B.3
T26A5.9,W02A11.3
T26A5.9,Y38E10A.6
T26A8.4,Y37H2A.1
T26A8.4,Y49E10.14
T26A8.4,Y65B4BR.4
T26A8.4,ZK121.2
T26C12.1,ZK1053.5
T26C12.3,ZK849.2
T26H2.9,ZC97.1
T27A3.1,ZC97.1
T27D12.4,Y49E10.14
T27E4.2,Y46H3A.2
T27F2.3,Y48E1B.12
T27F2.3,ZK930.3
T28A11.11,ZK836.1
T28A8.7,ZK856.7
T28C6.3,Y25C1A.7
T28C6.7,ZC504.4
T28F12.2,ZC97.1
T28F4.1,ZK546.11
VW02B12L.3,W02G9.2
VW02B12L.3,Y37E11AR.2
W01A11.4,ZK1053.5
W01A11.4,ZK121.2
W01B6.9,Y59A8B.10
W02C12.3,Y17G9B.1
W02D3.5,ZK353.6
W02D3.8,Y73B6A.4
W02D3.9,ZK1053.3
W02D9.2,Y25C1A.7
W02G9.1,W02G9.1
W02G9.2,W08F4.8
W02G9.2,Y102E9.2
W02G9.2,Y105C5B.13
W02G9.2,Y106G6H.14
W02G9.2,Y17G7B.11
W02G9.2,Y46G5A.24
W02G9.2,Y52E8A.3
W02G9.2,Y69A2AR.30
W03C9.5,Y40B10A.2
W03D2.4,W03D2.4
W03D2.4,Y41C4A.14
W03F9.2,W09C2.1
W03G1.5,Y113G7B.15
W04B5.3,ZK1067.7
W04D2.1,W04D2.1
W04D2.1,W07E6.4
W04D2.1,Y106G6D.7
W04D2.1,Y17G9B.5
W04D2.1,Y73B6BL.33
W04D2.1,Y77E11A.7
W04D2.1,ZC395.8
W04D2.1,ZK418.4
W04E12.4,Y71A12B.11
W04E12.5,W04E12.5
W04G5.9,Y55F3C.6
W04G5.9,Y62F5A.1
W05B10.4,ZK792.6
W05H7.3,Y57A10A.16
W05H7.3,ZK1098.5
W05H7.4,W05H7.4
W05H7.4,W06F12.1
W05H7.4,Y116A8C.35
W05H7.4,Y37D8A.21
W05H7.4,Y46G5A.31
W05H7.4,Y55F3AM.3
W05H7.4,Y57G11C.24
W05H7.4,Y65B4BR.4
W05H7.4,Y92C3B.2
W05H7.4,ZK121.2
W06A7.3,Y41E3.7
W06D4.1,W06D4.1
W06D4.6,Y43C5A.6
W06D4.6,ZK1067.3
W06F12.1,Y119C1A.1
W06F12.1,Y11D7A.12
W06F12.1,Y15E3A.5
W06F12.1,Y44E3A.6
W06F12.1,Y57G7A.5
W06F12.1,Y79H2A.1
W06F12.1,ZK1055.7
W07E6.4,Y113G7B.23
W07E6.4,ZK930.3
W08F4.12,Y105C5B.13
W08F4.8,Y37A1B.1
W08G11.3,Y54H5A.2
W08G11.3,ZC123.4
W09C2.1,Y51A2D.4
W09C2.1,ZK652.2
W09D10.3,Y47G6A.14
W09H1.6,Y18D10A.17
W09H1.6,Y39G10AL.1
W09H1.6,Y46G5A.10
W09H1.6,ZC155.1
W09H1.6,ZC247.1
W09H1.6,ZK270.2
W10C8.2,W10C8.2
W10C8.2,Y47D3A.10
W10C8.2,Y51H4A.4
W10C8.2,Y53C12B.5
W10C8.2,Y80D3A.3
W10C8.2,ZK265.4
W10G11.20,Y75B8A.30
W10G6.3,Y37D8A.9
W10G6.3,Y41C4A.14
W10G6.3,ZK678.1
Y104H12A.1,Y105C5B.13
Y104H12A.1,ZK131.11
Y105C5A.1,ZK858.4
Y105C5B.19,ZK593.6
Y105E8B.4,ZK856.11
Y105E8B.5,Y105E8B.5
Y105E8B.7,Y55B1BR.2
Y106G6D.7,Y37A1B.1
Y106G6D.7,Y65B4BR.4
Y106G6D.7,ZK1055.7
Y106G6H.4,Y106G6H.4
Y110A7A.6,Y43F8B.2
Y111B2A.11,ZK849.2
Y113G7A.6,ZC504.4
Y113G7A.6,ZK637.11
Y113G7B.15,Y49E10.14
Y113G7B.17,Y113G7B.17
Y113G7B.23,Y113G7B.23
Y113G7B.23,Y43F11A.4
Y116A8C.13,Y43C5A.6
Y116A8C.35,Y92C3B.2
Y116A8C.36,ZK1248.3
Y119C1B.8,Y37E11AR.2
Y11D7A.12,Y11D7A.13
Y15E3A.1,ZK1193.5
Y15E3A.1,ZK867.1
Y17G7B.11,Y65B4BR.4
Y17G7B.11,ZK121.2
Y17G7B.15,Y17G7B.15
Y17G7B.19,ZK1053.5
Y17G7B.2,ZK863.6
Y18D10A.5,Y48C3A.7
Y23H5A.5,ZK131.11
Y2H9A.1,Y39B6A.1
Y2H9A.1,ZK632.6
Y34D9A.4,ZK849.2
Y34D9A.7,Y37D8A.21
Y37A1B.1,Y37A1B.1
Y37D8A.17,Y69H2.3
Y37D8A.21,Y49E10.14
Y37D8A.21,Y65B4BR.4
Y37D8A.21,ZK1053.5
Y37D8A.21,ZK121.2
Y37D8A.9,ZK1127.3
Y37E11AR.2,Y48G1C.1
Y37E11AR.2,ZK849.2
Y37E11B.4,Y40B10A.2
Y37E3.11,Y69A2AR.30
Y37H2A.1,Y65B4BR.4
Y37H2A.1,ZK1053.5
Y37H2A.1,ZK121.2
Y38A10A.5,Y41C4A.14
Y38A8.2,Y41C4A.14
Y38C1AA.4,Y69A2AR.30
Y38H6C.14,Y54E2A.3
Y39A1A.23,Y41C4A.14
Y39A1A.3,Y39A1A.3
Y39B6A.1,ZK1067.7
Y39B6A.1,ZK1307.8
Y39B6A.1,ZK632.12
Y39B6A.1,ZK673.7
Y39B6A.13,Y56A3A.4
Y39B6A.37,Y71H2B.10
Y39H10A.7,Y77E11A.2
Y40B10A.2,Y46G5A.10
Y40B10A.2,Y47D3A.15
Y40B10A.2,Y71F9B.14
Y40B10A.2,ZK1010.7
Y40B10A.2,ZK1225.6
Y40B10A.2,ZK328.7
Y40B1B.5,Y40B1B.5
Y40C5A.1,Y41E3.7
Y40C5A.1,ZK849.2
Y40C7B.4,Y40C7B.4
Y41C4A.10,Y82E9BR.15
Y41C4A.14,Y43F11A.5
Y41C4A.14,Y45G12B.2
Y41C4A.14,ZK632.7
Y41E3.7,Y65B4BL.4
Y41E3.7,ZC239.16
Y42H9AR.1,ZK945.2
Y43C5A.6,Y43C5A.6
Y43E12A.1,Y45F10A.2
Y43F11A.2,Y54E5A.1
Y43F11A.5,Y54E5A.1
Y43H11AL.3,Y47G6A.14
Y43H11AL.3,ZK899.6
Y44F5A.1,ZK669.4
Y45F10A.2,ZC168.4
Y45F10D.13,ZK418.4
Y46G5A.24,Y79H2A.1
Y46G5A.31,Y46G5A.31
Y46G5A.31,Y61A9LA.9
Y46H3A.2,Y46H3A.3
Y47D7A.5,Y69H2.3
Y47G6A.14,ZK512.4
Y47G6A.22,Y47G6A.22
Y48A6B.11,Y59A8B.7
Y48A6B.7,Y48A6B.7
Y48E1C.2,Y62E10A.17
Y48G1A.4,Y53H1A.1
Y48G8AL.6,Y61A9LA.3
Y49E10.14,Y55F3AM.3
Y49E10.14,ZK121.2
Y49E10.15,ZK1098.2
Y49E10.15,ZK652.1
Y49E10.2,Y59A8B.7
Y49E10.2,ZK1053.5
Y50E8A.9,ZK1055.7
Y51H1A.4,ZK849.2
Y51H4A.17,Y51H4A.17
Y51H4A.4,ZK909.4
Y53C10A.4,ZK858.4
Y53C10A.6,Y54G9A.6
Y53C12B.3,Y63D3A.5
Y53C12B.3,ZK121.2
Y53F4B.22,Y75B8A.30
Y53H1A.1,Y65B4BR.4
Y54E10A.2,Y75B8A.30
Y54E2A.3,ZK418.4
Y54E2A.3,ZK678.1
Y54E5A.5,Y65B4BR.5
Y54G9A.6,Y57G11C.9
Y54G9A.6,ZC328.4
Y55D9A.2,ZK863.6
Y55F3AM.15,Y62E10A.16
Y55F3AM.3,ZK121.2
Y55F3AR.3,ZK1320.1
Y55F3C.6,Y55F3C.6
Y55F3C.6,Y77E11A.6
Y57A10A.16,ZK1098.5
Y57A10A.8,Y57A10A.8
Y57A10A.8,Y63D3A.4
Y57A10B.6,Y59E9AR.5
Y57A10B.6,Y73F8A.16
Y57G11C.22,Y69H2.6
Y57G11C.22,ZK593.7
Y57G11C.24,Y65B4BR.4
Y59A8B.10,Y59A8B.10
Y59A8B.7,Y59A8B.7
Y59A8B.7,Y61A9LA.9
Y59A8B.7,Y79H2A.11
Y59A8B.7,ZK795.3
Y59E9AL.6,ZK637.5
Y59E9AR.5,Y79H2A.1
Y62E10A.13,ZK637.5
Y62E10A.14,ZK131.11
Y62E10A.16,Y62E10A.16
Y63D3A.4,Y77E11A.7
Y63D3A.4,ZK863.7
Y65B4BR.4,ZK1127.9
Y65B4BR.4,ZK593.6
Y65B4BR.5,Y65B4BR.5
Y66H1A.6,ZK20.3
Y66H1B.2,ZK675.2
Y69H2.10,Y69H2.3
Y69H2.3,Y69H2.3
Y69H2.3,Y71F9AL.16
Y69H2.3,ZK1067.7
Y71A12B.6,ZK418.4
Y71F9AL.5,Y71F9AL.5
Y71G12B.27,ZK632.2
Y71H2B.3,Y75B8A.30
Y73F8A.16,ZK121.2
Y75B8A.1,Y81G3A.3
Y75B8A.1,ZC482.5
Y77E11A.13,ZK512.5
Y77E11A.2,Y77E11A.2
Y77E11A.2,ZK1307.8
Y77E11A.4,ZK20.3
Y79H2A.1,ZK418.4
Y87G2A.3,ZK593.6
ZC168.5,ZK849.2
ZC168.6,ZK945.6
ZC239.15,ZK546.4
ZC239.15,ZK593.6
ZC239.15,ZK666.2
ZC239.15,ZK849.2
ZC373.5,ZC373.5
ZC434.8,ZK637.5
ZC455.1,ZC455.1
ZK1055.1,ZK678.1
ZK1055.7,ZK1055.7
ZK1055.7,ZK593.6
ZK1058.3,ZK1058.3
ZK1067.6,ZK121.2
ZK1098.4,ZK1098.4
ZK121.2,ZK593.6
ZK121.2,ZK666.2
ZK121.2,ZK863.7
ZK1225.6,ZK945.6
ZK353.6,ZK353.6
ZK353.7,ZK353.7
ZK381.4,ZK381.4
ZK507.6,ZK632.1
ZK666.8,ZK892.1
ZK673.3,ZK678.1
ZK829.7,ZK829.7
ZK849.2,ZK849.2
ZK849.2,ZK938.2
ZK858.4,ZK858.4
ZK945.2,ZK945.2